id,sequence,activity,partition
Sequence_1,PDCKTILKALGPAATLEEMMTACQG,0,3
Sequence_2,AEPLRRMLRLLVGMIRENIRVV,0,3
Sequence_3,IMQKKVGQIMLILVSLAAVV,0,3
Sequence_4,SVQLQLRPGLEAEEPLKALRRA,0,3
Sequence_5,DKVFFCNSGAEANEAALKLARK,0,3
Sequence_6,FELEVPEIYEGVIEL,0,3
Sequence_7,KKGNCTYCGVFRRQALD,0,3
Sequence_8,DYSKYLNIRSLVVFGGVSIN,0,3
Sequence_9,TVRFIAEHAKECVQWLIDGGVPFDK,0,3
Sequence_10,PCFYYQIGLCPGLCI,0,3
Sequence_11,LPLAMEGNFNEAMKRLHTEK,0,3
Sequence_12,GDGILKIEMHFLPDVYV,0,3
Sequence_13,AGGEFSVEDMIPDDKMV,0,3
Sequence_14,MAAADALVFAH,0,3
Sequence_15,FDYAQSNYEPIKEKDTARNQVEELK,0,3
Sequence_16,ELAADKEFSSLERFAELVEKL,0,3
Sequence_17,LPFIKAQNYGINLPITGSMDTA,0,3
Sequence_18,IFDFRPSVEFFLEAPVVLLSIFIYNA,0,3
Sequence_19,SKISVVGAGSVGSSLAYACLIRGSAG,0,3
Sequence_20,TSLIANIDWTDGNQTNITMMG,0,3
Sequence_21,AVGSKTVDPILQCLLFKVEDNSLNI,0,3
Sequence_22,SEEEKAIMRRAKNAGIRSFPKSCSNQEYR,0,3
Sequence_23,NDWNELFVPGLFHLKKTMADMHKV,0,3
Sequence_24,KKIAKQTRRQGVMGDI,0,3
Sequence_25,GTKVGHLTYVGDATLGKDINVGC,0,3
Sequence_26,GSAGVQGFQSAIQRAL,0,3
Sequence_27,VFKAGTIGTIADKTAF,0,3
Sequence_28,QPVLVGTISIEKSELISNALKKAK,0,3
Sequence_29,ISLVDPDTLLDLPDAPLAPGTVARL,0,3
Sequence_30,APGKNSPFRDRSVEENLALFEKMRT,0,3
Sequence_31,AVAVLDPQKGEKILDLCAAPGGKT,0,3
Sequence_32,ECGLDIFAQTNMQVLRAKSLLLTDLFIELV,0,3
Sequence_33,AISTAYLLIESGEVTSAEFMSGTRPLPRK,0,3
Sequence_34,LPCRIKQIINRWQEVGKAMYAPPIRGQINC,0,3
Sequence_35,DAAAVIATSADLPMEIGTDAGSERILLA,0,3
Sequence_36,IAVQQSDTEPKNLVDPKGRFQQWALANFVE,0,3
Sequence_37,LADQKKKARGRAAKASGSPTAPAPKGR,0,3
Sequence_38,GLSPLTALKGGYAYVEDDGGRPVRSIGDVS,0,3
Sequence_39,NCKTAQEAEALARQGQQLMAEIHALPIPVI,0,3
Sequence_40,IYAPPIKGPISCLSNITGLLLT,0,3
Sequence_41,KAYGAQAVVISVDPKR,0,3
Sequence_42,VLSLIENVDVHAISHLT,0,3
Sequence_43,IGGKKVRAEVPLAEM,0,3
Sequence_44,GVMLQTLDSLWKEHLAAM,0,3
Sequence_45,EKLVQIVDSNVETTIDTTSKG,0,3
Sequence_46,YQQALQALERARALCQLPEL,0,3
Sequence_47,KVRRQSTDKYDLFYGHIGAM,0,3
Sequence_48,GRIDYYWSVLKPGE,0,3
Sequence_49,KLKLTNRQDLIAGRILKEIVARLV,0,3
Sequence_50,VQLGPAELLFLLEDLSQKLENMLT,0,3
Sequence_51,ISHISRFGLLEMSRQRLSPSLGESSHHVCP,0,3
Sequence_52,TLTYPNAYQISYPGFLEDLTG,0,3
Sequence_53,GASMQFALIPLNLLPAGATAEYIVTG,0,3
Sequence_54,AGSADADLTLLSFAHADGTGEAVV,0,3
Sequence_55,CLSDHSVFVQSYYLDREAGRSP,0,3
Sequence_56,PEKFKRSELDGKSQDELIGLLADL,0,3
Sequence_57,AVLGLVIGELLYHKFYQYDEGKL,0,3
Sequence_58,NILLQKGKYGQKKSLHQKKVVVEFSSPNI,0,3
Sequence_59,ARAAAIAQETLDQVREAMNMKYMKIVGLT,0,3
Sequence_60,TKEKISICTRAYR,0,3
Sequence_61,VQLPEDVLEDDVT,0,3
Sequence_62,KIEENTFSFLKIK,0,3
Sequence_63,DAPYFGFEIPNAP,0,3
Sequence_64,PIIALQAAMDGYE,0,3
Sequence_65,KARGLDSAARVGERLDV,0,3
Sequence_66,APQAQPPVCRLMDYGKF,0,3
Sequence_67,GHQSTNSTETVDTLTETNVPVTHAKE,0,3
Sequence_68,DGKKYKGTLKSVDGNDFVVTVNEK,0,3
Sequence_69,GQITMQMSDLIGMQDAQIRG,0,3
Sequence_70,MIAPSGPIYQAGTLSGN,0,3
Sequence_71,TCQTIAGVLRTNKTFQNVSPLWIGE,0,3
Sequence_72,SSDSQAMGRIGEVVIRTWQTADKM,0,3
Sequence_73,EIAGPGFINFFLNADQRFAVLDQI,0,3
Sequence_74,RVFKQFLSDEFDA,0,3
Sequence_75,IVLLSRFIERIGDH,0,3
Sequence_76,PLVTGEIGEDLAFY,0,3
Sequence_77,GFSLKFQSWLQVQRPQMRSLHLEQ,0,3
Sequence_78,RYDAEGSPRLWKTEEEIDGAFRVA,0,3
Sequence_79,SNLPHLHDITTMIELLGCLGARLTVDER,0,3
Sequence_80,FVMYIGELSNEIDNKFDLKNDSKF,0,3
Sequence_81,VELKSGYKDWILW,0,3
Sequence_82,VTADRTWKADVLMQHGKIVAIGSN,0,3
Sequence_83,IDLHQPCLLLYTLPEWEIIE,0,3
Sequence_84,SLGEAVMRMGDLHSLQSRNGKWREQLS,0,3
Sequence_85,KEGDILINAGRQQ,0,3
Sequence_86,TELLEKRKEMSLY,0,3
Sequence_87,GDVGSDTLGHIAK,0,3
Sequence_88,ETSAASNNQRRTD,0,3
Sequence_89,KGDKFQALADELLNHLASSKIPEL,0,3
Sequence_90,LTINPCIEESLQLAKLSWNDIDGI,0,3
Sequence_91,MQGAGNDFIVIDN,0,3
Sequence_92,DLHDALASHYAATNTPE,0,3
Sequence_93,EFEAELYILTKEEGGRHTP,0,3
Sequence_94,IYNTIKQVFKYVVAYAAHVPSFAD,0,3
Sequence_95,GCFEIFHKCDNNCIESIRNGTYDH,0,3
Sequence_96,RVGHIFRAAHPYSFLQKDTHGLNSKRLA,0,3
Sequence_97,AHIAQEVLGTTTV,0,3
Sequence_98,IRQSIERAIMNQARTVRLPVHVIRELNQ,0,3
Sequence_99,GLLGALLLWMGLQARDRSISLTLLAVG,0,3
Sequence_100,MILGHANQSVVAA,0,3
Sequence_101,CDPIVEDSAVQIITPKDQEGIEIIRHSC,0,3
Sequence_102,FQHGLERGALLRPLGSVVYFLPP,0,3
Sequence_103,LLFSSGVMTGRITPERFVELT,0,3
Sequence_104,CAIFDRVKNAAYEIIQRKGYTSYAIGLA,0,3
Sequence_105,DFPVESKFDFLPDESASQGVSAFLAVQ,0,3
Sequence_106,AALGMVGDTEKGTEPHIQAVQPDRTH,0,3
Sequence_107,IVKLVPSKPMCVESYNEYPPLGRF,0,3
Sequence_108,LIGRRLLNKMMSGRGAEMPDG,0,3
Sequence_109,GCDFLYTDVWVSMGEAKEAWDERIN,0,3
Sequence_110,FHSFGGGTGSGFTSLLMERLSV,0,3
Sequence_111,KSDKKMLRDFTTAFRPAIVLAALFA,0,3
Sequence_112,VLADLPCSGLGVIGRKPDIKYR,0,3
Sequence_113,GGNAISSMIETGNVVGVEFVAINTD,0,3
Sequence_114,PGILGHTSNLGYFHLPLSAGLPGTH,0,3
Sequence_115,VNIAMNALSSNAAQLFNVGLQAPSRVIGKN,0,3
Sequence_116,LVKQIELFPEVI,0,3
Sequence_117,VKNVAVKELRRGYVAGDSK,0,3
Sequence_118,SGYGRDLYGKPMLL,0,3
Sequence_119,VGAPQVAYRETITQPVEDSYTHKKQSGGS,0,3
Sequence_120,VFNTKAAQLNGPEQLLEFEKVVI,0,3
Sequence_121,GSLARFTDVKRLRPFADSSILGFSGDI,0,3
Sequence_122,FEPIPIHYCTPAGYALLKCKDKKFNGTG,0,3
Sequence_123,VRFLSMASNGNLCYGFDGEIYTLAPG,0,3
Sequence_124,EQLGKNVQRIEQQKETLQHQANQIQSQVH,0,3
Sequence_125,SGIRDKMKKEYALFYTLDVAPIEDDN,0,3
Sequence_126,ATITIQNYFRMYEKLAGMTGSATPSKEEFW,0,3
Sequence_127,VSKDAMVASYPELEKTFHDVSESAYGEEDA,0,3
Sequence_128,TYNFTEEYDIIVIGAGHAGVEASLAASRMG,0,3
Sequence_129,NLLLNEKQLEAKGATFYKINRGGDITYHGP,0,3
Sequence_130,PTIIEERQLNVAQMDVFSRLMMDRIIFLGT,0,3
Sequence_131,FPAAQHEVLINPKMSFGTGHHATTWLMMQQ,0,3
Sequence_132,RHQRNAHALTEWLARQPEVAEILYPAR,0,3
Sequence_133,DILLGMSDIVKAMTFPTKMRWDSNDFEFV,0,3
Sequence_134,QNAMMANFMRQMGQSVPESKKT,0,3
Sequence_135,KAEMMEEEFFLGLRKKSGVSIKRFEEKFG,0,3
Sequence_136,DLFSLDETTVRKLQSYLEAVATRSTPIA,0,3
Sequence_137,DTDTTSNATSNWERMEKGEIKNCSF,0,3
Sequence_138,MNLLSLLPVGTDIFVVGENRSGVRSAEQML,0,3
Sequence_139,YADVHQRVWEEMRSALSRAGWRN,0,3
Sequence_140,EIGKLKAKKQDASALIQSTEEIKKR,0,3
Sequence_141,MNKQKRQWLIKQTILEHPVENQEQLASL,0,3
Sequence_142,VVDGQTTGEIQQGLLVFLGLGREDTLQ,0,3
Sequence_143,MVKQEVPAAETEPSCQTSSFFL,0,3
Sequence_144,TDYFTIQELSEASQLSHVSVRK,0,3
Sequence_145,AVDSVVMIIDSTKGIEAQTIKLFKVCR,0,3
Sequence_146,IPQLKQELQDAEEREAGGVLEDERPLVSER,0,3
Sequence_147,DVWLLSLKDMKPLRITSGLGVSIRPKI,0,3
Sequence_148,GEQAAAQPHTEIPEGT,0,3
Sequence_149,LKNIYAIVAGLASALDMGENA,0,3
Sequence_150,GIRRLEARPTADLCIDCKTLAEIREK,0,3
Sequence_151,FNEQLTELHQHLLEMGMLVNEA,0,3
Sequence_152,PAAGQADIIVDITSTGLTLKAN,0,3
Sequence_153,TMECSPRTGLDFNEMVL,0,3
Sequence_154,RRFLALGSKFRYS,0,3
Sequence_155,ADSGQIGGDTSVEFMALAEAGE,0,3
Sequence_156,VGITLGQALGKALG,0,3
Sequence_157,CIEAVKNLKSRYK,0,3
Sequence_158,IKVNPAGPVCHTG,0,3
Sequence_159,VNGVGKTTTIGKL,0,3
Sequence_160,HPKVSSEVHIPIKE,0,3
Sequence_161,KTVATMYQEETAEIRPF,0,3
Sequence_162,NLLSEKGLNIVTLPKTI,0,3
Sequence_163,ELKPRITVFGVGGA,0,3
Sequence_164,FCLWVYIGAFGL,0,3
Sequence_165,TGWQRPVKQKMSQQLQSIIDTAWD,0,3
Sequence_166,TDGQVLVYHDLLNY,0,3
Sequence_167,KTIFTSPASPSSEF,0,3
Sequence_168,NVNSYGSDRIEMGE,0,3
Sequence_169,SHSKGQNVYLTWPVP,0,3
Sequence_170,RDAAGVCRHNLAYWRGE,0,3
Sequence_171,DVSPESESYDCVDEILSL,0,3
Sequence_172,ITDHGVVQAFPDAQIAAKK,0,3
Sequence_173,SLDIDKVGPEFEHDKIFPERV,0,3
Sequence_174,DDKPGLYFHEEYVDMCRGPH,0,3
Sequence_175,GEYTFEKGDYGDAVVYRGTTTYKLN,0,3
Sequence_176,VNEHGYTEVIPPYLVNSKAMFGTG,0,3
Sequence_177,DNPELVAAKQKRIPVIQRAQMLAEIMRFR,0,3
Sequence_178,KLDLFANEKLKAALKARDIVAGIAS,0,3
Sequence_179,ALQASVDRDCLSGWGGYVLVVTPT,0,3
Sequence_180,IRKEEERGVSGAA,0,3
Sequence_181,YLVDFIWKSTSFD,0,3
Sequence_182,YLTDMSLEEISRDWFMLMPKQKVAGSLC,0,3
Sequence_183,LESDKASIERLIRLEESLSKLQENSS,0,3
Sequence_184,FAISFHRQLRGKSAFRSELDEISGI,0,3
Sequence_185,VKCLACGRPSDSFVVKGVVCKKNVAHRRMA,0,3
Sequence_186,LKIEMNFLPDVYVDCEE,0,3
Sequence_187,LDEDLVMSDVNEATSLERLRD,0,3
Sequence_188,VFPEEAVFEKVTQSSGRVYILKFRH,0,3
Sequence_189,KLSNGLAKLAEEDPTFTVKTDEQSG,0,3
Sequence_190,FEDTPDFVARYIAREAREYLKSLP,0,3
Sequence_191,WYKKGSSIGKMFEATARGARR,0,3
Sequence_192,VYSHNAFLDSVEQVENVEFQESIP,0,3
Sequence_193,ECLAEALDNRV,0,3
Sequence_194,EALLEKYLGGEDLTEDEIRAGV,0,3
Sequence_195,PGSPNFNPDWLTTFFGKLSVEQSLD,0,3
Sequence_196,GPMHIGNARGGVLGDALAAV,0,3
Sequence_197,ERAARLEGKNMIMIL,0,3
Sequence_198,VAFVKTSSGYGFVKQHNGMY,0,3
Sequence_199,IGEGAFVGSNSSLVAPVSIGKGGYIASGSV,0,3
Sequence_200,DVIGLHIDSGQACVQVFFIRANQNW,0,3
Sequence_201,SCNGLEVQIELSSRRFMGLKER,0,3
Sequence_202,LSMRMMTVERVFNRFPSMIR,0,3
Sequence_203,QSGRIVVDYMVQKSGKTGTITY,0,3
Sequence_204,IARMTQQCEKFGVERASDVINE,0,3
Sequence_205,RQWRTVVKSGRTHLM,0,3
Sequence_206,CNMCNLTNDVPQGFDWD,0,3
Sequence_207,TFIKTTLSLHYAWKTMAMVL,0,3
Sequence_208,KLEEKMFIAAENLQFEEAQRIKEII,0,3
Sequence_209,RNGIEEKLQQVRSFY,0,3
Sequence_210,YEGQRAYILQYMQMNGSLDK,0,3
Sequence_211,FTPASLASGEGNEIVHQ,0,3
Sequence_212,EITTSAWVDIENLTRKV,0,3
Sequence_213,ELWRMKAKAEK,0,3
Sequence_214,FTFVHFWFAFFCGFSAQTVYDQWFI,0,3
Sequence_215,WIEDISFVHSYVLTPAQLGGL,0,3
Sequence_216,AKELRSGKTLISFDLYDGTSSM,0,3
Sequence_217,PFADVGTLVIAEYQSLATDYLFIGLL,0,3
Sequence_218,DAALAGDIDAICFAPLNKQAMKLGGL,0,3
Sequence_219,VAGPQIRQGKVVDKIALIADD,0,3
Sequence_220,INEKGVSPEAADRIGEYVRLNGGAE,0,3
Sequence_221,YDNADMVIVNTCGFIDSAVQESLEAIGEA,0,3
Sequence_222,IIYEGYGPGGTAIMIECLSDNRNR,0,3
Sequence_223,AGRLGFITDVVLDDMD,0,3
Sequence_224,NLRLDQRSYITEEDARGQINELK,0,3
Sequence_225,FYNPKDLIGKLTIFIA,0,3
Sequence_226,STEHINIQRGGSGRQI,0,3
Sequence_227,FLYSSVGSIIQNGVRAIPLGQTDG,0,3
Sequence_228,FEARGHTRIDRYPVVARWRDDIYLT,0,3
Sequence_229,LQRRIEEEQKSKIKGREYTNIKYSL,0,3
Sequence_230,RRGFKLDVEMLRQQEERRKVLQVE,0,3
Sequence_231,TIESEVMDSNTVSSFQVDCFLWHVRKRFAD,0,3
Sequence_232,PQALVLKLNLDPETKHCQGVSILHQNQVY,0,3
Sequence_233,QYTPTTETVHKRPLLIVPPWINKFYILDLQ,0,3
Sequence_234,LRALRPPMSQAREAVIAAAFAKLDSSGD,0,3
Sequence_235,RMAHAGATQVAETVLTGAPGYNPLYIHSAV,0,3
Sequence_236,KLRPIATVREQDGLAKSSRNVNLSDQE,0,3
Sequence_237,RTQIAVIDIDDAWGARLATGTTTETWTCST,0,3
Sequence_238,LGSLAAALGGLDALVFTGGIGEHATEIRRL,0,3
Sequence_239,FCPYKSEQVTGSPVKVYTNGKL,0,3
Sequence_240,EKKARVEDALHATRAA,0,3
Sequence_241,RQNETFRPEGGNMKDNW,0,3
Sequence_242,VDKMLEGEKDKLLHM,0,3
Sequence_243,TLSGGGRYNGLVQEIGGP,0,3
Sequence_244,SLVGYLCIKCGLDTVIAGNIG,0,3
Sequence_245,LEDTAEAFADFDYNLNHELA,0,3
Sequence_246,KLPYDVTTEQALTYPEVKNK,0,3
Sequence_247,PGHEQKKANIYKGK,0,3
Sequence_248,LGAVALGASAGQTVIGDSTTVLLY,0,3
Sequence_249,EPAVPALHAELAKGADFASESAGE,0,3
Sequence_250,KDDLNTAATPKPLNKKVSKTPKKEETKSQP,0,3
Sequence_251,EELQYALRDAGQKLVLVNFSS,0,3
Sequence_252,IEDLDADLVADFLTHVETVRGNTART,0,3
Sequence_253,TSRRGRVEGMEAHGNSQIVNAMVP,0,3
Sequence_254,ELAYNSLMGLNHTPLSPSEYIQ,0,3
Sequence_255,MLPGKPVANLMIKLYGFIPMRQGL,0,3
Sequence_256,HRHSVGATLEALFQGPPVYREIK,0,3
Sequence_257,QIEILRENKKKYENVLKLAQTLSTQLFQM,0,3
Sequence_258,SLCLFSYHRLRDFSLIATRTVELLGRNSL,0,3
Sequence_259,GNARPMIVFDTVR,0,3
Sequence_260,IEPMGFQWDDKRV,0,3
Sequence_261,KEKLQERVAKLAG,0,3
Sequence_262,GPSWLINEFKKKM,0,3
Sequence_263,GDAHIYTNHFEQV,0,3
Sequence_264,LQQPGYIQAGYSLLNAP,0,3
Sequence_265,EGVEFSALRSETWTQSK,0,3
Sequence_266,KRADPAFVCKQGVVDRGWGNGCGLFG,0,3
Sequence_267,SSLEKIAEECDIITFHVPLYKEGK,0,3
Sequence_268,YMMGSYAPKLEIQEYKSPNE,0,3
Sequence_269,LTVVVGDIIGVLEQGKR,0,3
Sequence_270,DNAKTIIVQLNKSVAIECTRPNNNT,0,3
Sequence_271,LDAGRAAKLCSENNTANFKRCSPL,0,3
Sequence_272,ISPSEDRKQPSNNLDRVKLTDFNF,0,3
Sequence_273,TPRHDEQSRSGVD,0,3
Sequence_274,VVNYLDVIVDGKFI,0,3
Sequence_275,KRAARHTLIEVLEG,0,3
Sequence_276,LLRKGGTIMFSNNKRGFRMDHDGL,0,3
Sequence_277,LEGSGFRKPNNVFVHGYVTVNGAK,0,3
Sequence_278,DLMTFTEALVRDAAMKAVGTLQLTYQGR,0,3
Sequence_279,ERHNRKIVFAYLLLPGINDRPSDV,0,3
Sequence_280,RPLLLGVAKGADR,0,3
Sequence_281,SSRHRVMVAQNSGIVENVASPPLT,0,3
Sequence_282,WTAANRPGVEFILSAAADCP,0,3
Sequence_283,KIGWAFGIGLERIAMLLYEIPDIRLFW,0,3
Sequence_284,WKFLEMFRGSSQN,0,3
Sequence_285,DEKIDTNGDSSIE,0,3
Sequence_286,TYLERVGNLCGSI,0,3
Sequence_287,ESIRNNTYDHAQY,0,3
Sequence_288,EAENQTLATISFQNYFRMYSKLAG,0,3
Sequence_289,SKVEPAAQESTGESKKQTDGSVPE,0,3
Sequence_290,GKGSIMRSDAPIG,0,3
Sequence_291,SMQFPDGSVREYDASMT,0,3
Sequence_292,VEGVYSAKAALALSRQHHV,0,3
Sequence_293,PLCVVCGQAHSPEENHFYTYPEEV,0,3
Sequence_294,YADYKDLMDLTEDMLRDVAEKVLG,0,3
Sequence_295,FEAGIVDPAKVTRSALQNAASVAAMFLT,0,3
Sequence_296,AVAFVPISGWHGD,0,3
Sequence_297,GVSIQEETVAELRTVESEAASYLDQISR,0,3
Sequence_298,TVASFDTTLDKIIDIRPDRIAAYSYAH,0,3
Sequence_299,DIPLEKESYVHRT,0,3
Sequence_300,RAEAAKTMDEVRAAMQINYFDDAELIRS,0,3
Sequence_301,AKAVDKKLKKGSGVTRAVHDAVE,0,3
Sequence_302,NELLYILENSDVKIQFYGTEV,0,3
Sequence_303,PVHPDSKQCFKIFCKGNVQVDNGSSINR,0,3
Sequence_304,IMVHGDDSGLVIPPRIAPVQTMIIPIA,0,3
Sequence_305,YTKPAEWKGRKIPDVLLSGHHGEIEK,0,3
Sequence_306,TDVDIQEFMIAPIGAESFREALRW,0,3
Sequence_307,FAERQVIAKVDGKLWDMPRPL,0,3
Sequence_308,TRPNNNTRKSIHIGPGRAFYATGEI,0,3
Sequence_309,ATLSSPEFEGGPVSSQSDESSL,0,3
Sequence_310,AEGTDRVIEVVQRICRGVLHIPRRI,0,3
Sequence_311,TTMQSYDRDPRSIAIRAENYMR,0,3
Sequence_312,PHDVQQVVTVNKETKDVDTSSYHCN,0,3
Sequence_313,APPGYVGYEEGGYLTEAVRRRPYSV,0,3
Sequence_314,VVRQSSRELHYGNHMRQGTVKFFNTSKGFG,0,3
Sequence_315,IVMHSFNCGGEF,0,3
Sequence_316,IIVGGLIGLRIVFTVLSIV,0,3
Sequence_317,AADGRDTVAWWDGK,0,3
Sequence_318,IVLTGEPRMKERPIGHLVDALRQGGANIE,0,3
Sequence_319,RVQEIRKNYQHLWRWGHVWRWGT,0,3
Sequence_320,VSVIGFFLLQVAFFGTGNVASISSFSL,0,3
Sequence_321,TVLQYDDVMKLDFGTHIDGYIVDCAFTV,0,3
Sequence_322,TQEKFYLISWENCWELVCSLIISGCD,0,3
Sequence_323,LVYGAISYQVGWLIPFFCYRLFDFVLSCL,0,3
Sequence_324,EGFTKFLESGGKEGAGPSDDEKAAEE,0,3
Sequence_325,GAVFEGRISGVTKAGLFVKLNETGADGLIP,0,3
Sequence_326,RLCLARPEIFAIQLRALARAAVRGNLKVMF,0,3
Sequence_327,FRVRTDEESGQTIISGMGELHLEIIVDRMK,0,3
Sequence_328,TFNEMDKIEEVLTRGVQQVLPDKKGLMELM,0,3
Sequence_329,MSGQTVEVLNTDAEGRLVLCDVLTYVERFE,0,3
Sequence_330,SLKAYPDVKAGIVHWPMSVVRLQSSHLAPL,0,3
Sequence_331,KSDGSAEILQDEIVNQRITEAFMEEGA,0,3
Sequence_332,GVIQGTYEIFSRIAERHFDNDLRGRFILT,0,3
Sequence_333,DALNIAEDHPARTDHDTFFFNP,0,3
Sequence_334,CNTSAITQACPKVTFDPIPIHYCAPAGYA,0,3
Sequence_335,ADEADEATAVEPDPMEVLRAENADLRDR,0,3
Sequence_336,SKSRPEPVVVCLRGKSGQGKSFLAN,0,3
Sequence_337,GTQDESGLHKMVYEVVDNSVDEAMAGHCTE,0,3
Sequence_338,CCVVDVQEYSADPHAIAGALKSY,0,3
Sequence_339,EGEAVTNMEVVMVISTEQKYQDILE,0,3
Sequence_340,HEISAKARYFGYIKQGLYLVTEMERFAP,0,3
Sequence_341,EMTERLSCMPGIAHFLQVDEYPLGDFD,0,3
Sequence_342,TPGYLDAALDNLVSGGVLHAHS,0,3
Sequence_343,EGYPHLTGLADQQLKPIDMNTI,0,3
Sequence_344,RVSLGGLHDESEIRGHRKTYIGAMAGR,0,3
Sequence_345,KTSLWKEMQYNRDIIIRFKFGNSIIKLGGL,0,3
Sequence_346,IHMIRADIETEVSPIVGSEKQSEEMIH,0,3
Sequence_347,DEIKKAYRKLAMKYHP,0,3
Sequence_348,YPTAAQLALKPLIDADLLDLN,0,3
Sequence_349,VPGRTGQNLEPDLVAELAQHPNIVGI,0,3
Sequence_350,YGSQYCQDFTRPQGSVLTLAQF,0,3
Sequence_351,RVQDLFDPSILRQKVEGVLHQK,0,3
Sequence_352,APSEQQTYEYAKTILNL,0,3
Sequence_353,TDMSIEEISREWY,0,3
Sequence_354,EDKSRAPPTAVLGRAMVAHGND,0,3
Sequence_355,AFLEFREEVVVRRV,0,3
Sequence_356,EVIDCWVESASMP,0,3
Sequence_357,QDPIADASRAILD,0,3
Sequence_358,LGLDIETATHAGK,0,3
Sequence_359,GIVNYMLEQSQPPS,0,3
Sequence_360,YHLKSGHVTCEVGLEKL,0,3
Sequence_361,AALRHLFFASNALKKTT,0,3
Sequence_362,RLSTLYQLPTMQRG,0,3
Sequence_363,LDEGRAGENCGI,0,3
Sequence_364,PGKHALHIHTFGDLSDGCKSTGGQ,0,3
Sequence_365,QYSQAVVIGSDQVA,0,3
Sequence_366,KLRSYTLNAVSFHF,0,3
Sequence_367,RLVNRPNLMVKVPG,0,3
Sequence_368,KEVSSYIKKIGYNPA,0,3
Sequence_369,RDRKRPLPLYPQTIAVV,0,3
Sequence_370,CITELVLRAKKDNLAKQQ,0,3
Sequence_371,YLETGSYPLGELKHGPIAI,0,3
Sequence_372,VRVDNIYEHHMHSEYAEVPQD,0,3
Sequence_373,FLDSSTLQLFFDLYHSIPPS,0,3
Sequence_374,ISQIDFYPKILVMGEMKELGEYSKY,0,3
Sequence_375,MEAVIGAIYLDQGYTAAEDFIKRF,0,3
Sequence_376,NIDLARDILKSETCALECPELNLSVNPGT,0,3
Sequence_377,QHHQFQVIMKPSPLNIQELYLESLK,0,3
Sequence_378,GWHGYTSHGAHGVAVAADLKSTQE,0,3
Sequence_379,CASKYQVLRKAKT,0,3
Sequence_380,AGKDINGAQRADQ,0,3
Sequence_381,NIVSSVNTISKMLLNRFTTRHRKPTYEK,0,3
Sequence_382,FNEQAPFGYTPKGGTGSAVRTLVRLA,0,3
Sequence_383,KFTSNKYWSKVNFPHGMLDLEEIAA,0,3
Sequence_384,MEILRGSPALSAFRINKLLARFQAARLPVH,0,3
Sequence_385,YEELREQLSSVSSFERF,0,3
Sequence_386,EFERAADLRDQLKYIDETVES,0,3
Sequence_387,TGPCNNVSTVQCTHGIKPVVSTQLL,0,3
Sequence_388,ASNETFRPCVTLNCTSANLTNINGT,0,3
Sequence_389,EIISSCMSLGMMVTMNQRLDAETL,0,3
Sequence_390,AALVPKAEIEGEMGDMHVGLQ,0,3
Sequence_391,FNCQGEFFYCNTTELFKSTWDNNG,0,3
Sequence_392,ACQRPLRRSIR,0,3
Sequence_393,TFEEMQKAMGENKVGTWGRGQQ,0,3
Sequence_394,QDSISLTKSMLAMSQLSFNSNKKRI,0,3
Sequence_395,LILGSVIGLCLLFSIWYMFG,0,3
Sequence_396,RQDKIQVVFEVQSVE,0,3
Sequence_397,SWVTLEKQIKNFGVILPQKS,0,3
Sequence_398,PYEKAEDTKMQEIMRLAHEFLQNFCAGNQQ,0,3
Sequence_399,VLVKGSRFMKMEEVVEALTDKEVVM,0,3
Sequence_400,LQRGPSTEGVPESMREEYRQKQ,0,3
Sequence_401,GATPKDPKILAALEAVGKSE,0,3
Sequence_402,HYRIAIAVAGFAESELEITAQD,0,3
Sequence_403,ILKDTDVLSFPHHEKNFFLKRK,0,3
Sequence_404,RGGSISLDGGISSQY,0,3
Sequence_405,REAAARLDLSNIADTEE,0,3
Sequence_406,QDITGKPHEQHFRALCLIHS,0,3
Sequence_407,RIFTRLGLNFRAVQADTGSIGGFAS,0,3
Sequence_408,GHTIEDVKNAIGVLI,0,3
Sequence_409,ERFLSAGDKVKVMIMFRGRE,0,3
Sequence_410,AGDIAAAIGLKDVTTGD,0,3
Sequence_411,PEQRLIVNSIAKTSSVV,0,3
Sequence_412,TVPDMKKCLLI,0,3
Sequence_413,IDLEFVVWQRLAGLAQRRGKTLSET,0,3
Sequence_414,ASLWNWFDITNWLWYIKLFIM,0,3
Sequence_415,VMFVATSNSMNIPGPLLDRMEV,0,3
Sequence_416,EGEKLVLLDGQEVTLRSDTLVIADHS,0,3
Sequence_417,CARRLQPGAGAARQRAVALAWHAYEN,0,3
Sequence_418,FPEGYTYQGRPSIKEVLKEGQ,0,3
Sequence_419,RAEELTLEKRLNKESVFMQPWPVVD,0,3
Sequence_420,KKLNFEDVVKLTRHFTLNDFISRELIKTR,0,3
Sequence_421,QGIHLRAYAQTDPLREYQLEGFQM,0,3
Sequence_422,TDGGQLGLGGELAIST,0,3
Sequence_423,LYKAICRTNGKPYVMVRIEGFRL,0,3
Sequence_424,TVKARKASKHATSDWM,0,3
Sequence_425,GDTEALRAAVDDETAA,0,3
Sequence_426,EKGLATAVGDEGGFAPNLASTRDA,0,3
Sequence_427,VTENMFGDILSDEASEITGSIGMIA,0,3
Sequence_428,GISEISQEGAIQVFKELHIGIEEII,0,3
Sequence_429,LLERVDHALAADPDGHEAMDKILI,0,3
Sequence_430,ICGNAPLYIVHLSNGLGLDYLKMAKARHQP,0,3
Sequence_431,LVIPATGEQLTLQNAFQQNLVSSALFSKV,0,3
Sequence_432,DMTGSEASFRAPAIRTLCKITDPTMVQAIE,0,3
Sequence_433,INGCLAYIDDEDISIEGLMEHIPGPDFP,0,3
Sequence_434,EEIKSYIEKTFNIMAFILGITGGIGSGKSA,0,3
Sequence_435,KEQRIYAEWGLTDEEYRLISEDILGRM,0,3
Sequence_436,VPDARDRLRYVATMTEQAAERVLNAIEVAK,0,3
Sequence_437,EADKRPEDLMLSYVSGEKGKDRSDRELVTP,0,3
Sequence_438,GELVAVMEQKDPLGSTSRWLVD,0,3
Sequence_439,IAAVENRRKFQAKLLA,0,3
Sequence_440,CPIPVIHCEACGVVPEA,0,3
Sequence_441,GSPVPYDRILASRMG,0,3
Sequence_442,IVAEISSYQMEASSDFAT,0,3
Sequence_443,ITDKQADFALEVEKTLAESGF,0,3
Sequence_444,KNIIANPNCSTAQMVVALKP,0,3
Sequence_445,AKLTQIPDLDMLKKQLYSKA,0,3
Sequence_446,WNDPSKQEQATKVM,0,3
Sequence_447,IKMELAKEFEDAVTEVLIAKTKKA,0,3
Sequence_448,DGATVKTLAVVAGREGYTEVTVTA,0,3
Sequence_449,ATVREAAKRVLGQRHFDVQLMGGMVLHGGK,0,3
Sequence_450,KTTAKDIQQTKQMIEQKITNS,0,3
Sequence_451,CVKPEARNRCRDLHAEAYEKAATVPA,0,3
Sequence_452,INTQPGSKIVFNAPYDDKHTYHIK,0,3
Sequence_453,KGGIVGHLNTVDIREVEQMIEN,0,3
Sequence_454,VKEFDGIIKIGRTHLQDATPLTLA,0,3
Sequence_455,PVKGRTVAQLAKNGMRVIDDTYN,0,3
Sequence_456,FAYKIDTLNEVPFDVNKFAELVTNSPVIS,0,3
Sequence_457,DTDMAIIDKRRPRANVSQVMHIIGDVAGR,0,3
Sequence_458,VGQALNKNPIPII,0,3
Sequence_459,TGSENDFLLLEDV,0,3
Sequence_460,LNIPRRIRQGLER,0,3
Sequence_461,VPVGCEAAGLRPD,0,3
Sequence_462,GLNTFTNMEAQLI,0,3
Sequence_463,QTFYATGDVIGDIRKAY,0,3
Sequence_464,YFFISNEGNQNLFVVQA,0,3
Sequence_465,IRATNQRQLIAACLAHADDAIPALIL,0,3
Sequence_466,FTSLRAHADIFTKILHKRVRFVPD,0,3
Sequence_467,ECTRPNNNTRKSIRIGPGQT,0,3
Sequence_468,DQLDLPEKSPVVVFGGQ,0,3
Sequence_469,ELKKSAISLLDTIAIRVAEGTDRII,0,3
Sequence_470,EAIALVQKIAFALPAKYFEKVDVT,0,3
Sequence_471,VIANCKITTCRCTDPPGIISQNYG,0,3
Sequence_472,PTNTPEALCDPTK,0,3
Sequence_473,AYNKDNQEDKEPLY,0,3
Sequence_474,ERSHFGVNAPERAF,0,3
Sequence_475,YDFSKPFSICDVGAGAGFPSIPLK,0,3
Sequence_476,VSMPNVLEILEPMSNGVAVEGMES,0,3
Sequence_477,ARLLKMLLKVPQEEKPLEPEILPPATIP,0,3
Sequence_478,KADPTMFIFDEPTTGLHFHDIRKL,0,3
Sequence_479,AICRAAGNMHLAD,0,3
Sequence_480,WSLFYMIRSPDAMKAAHEEVQKIL,0,3
Sequence_481,GEGWNREQSQEVQQGVLAPT,0,3
Sequence_482,KVPTLAQVKKIKELCQKYQKKLVSSSE,0,3
Sequence_483,QLGAYRREQNTQL,0,3
Sequence_484,LAAQLYGEFKSFF,0,3
Sequence_485,SGWLEGPNKVYIP,0,3
Sequence_486,IERFSLSELQARA,0,3
Sequence_487,MYQKYAESQGWRFEVMEASYNGVG,0,3
Sequence_488,VFKWLKKMGGLEAMQARNEKKAAI,0,3
Sequence_489,FVPGQENAGGRSS,0,3
Sequence_490,GTYGIAITALHHHVPFF,0,3
Sequence_491,SPAVIITQHMPPGFTRSFA,0,3
Sequence_492,TDMELEFDNLARFLHMAVEYAQEI,0,3
Sequence_493,VIPNPTTVFKITVGRATTENLLNL,0,3
Sequence_494,QRPAAVLARDYISTFKLLSLYDIEQCWI,0,3
Sequence_495,LRQTFADIGATVA,0,3
Sequence_496,LKLNGGLGTSMGCVGPKSVIEVRDGNNF,0,3
Sequence_497,ILPEEWGGESQFVHVSAKAGTGIDELL,0,3
Sequence_498,QAYRIGHWLWSQD,0,3
Sequence_499,ERVGLSVRGIFEELGEDNFRMFEKNLID,0,3
Sequence_500,TSIKNKMQKEYALFYKLDVVPID,0,3
Sequence_501,KRWWKWWRR,1,3
Sequence_502,GKWSKILGKLIR,1,3
Sequence_503,SLSRYAKLANRLANPKLLETFLSKWIG,1,3
Sequence_504,GMASKAGSIVGKIAKIALGAL,1,3
Sequence_505,RRIRPRP,1,3
Sequence_506,GLLKWIKTLL,1,3
Sequence_507,KRKKWFW,1,3
Sequence_508,PRPFPGRPKPIFRPR,1,3
Sequence_509,TPFKISIH,1,3
Sequence_510,WRKFWKYLK,1,3
Sequence_511,RIKRFWPVVIRTVVAGYNLYR,1,3
Sequence_512,VKRFKKFFRKFKKSV,1,3
Sequence_513,RRGWVLALYLRYGRR,1,3
Sequence_514,CGETCVVLPCFIVPGCSCKSSVCYFN,1,3
Sequence_515,RKGLQKLVGRVHRLLRK,1,3
Sequence_516,LKGCWTKSIPPKPCFGF,1,3
Sequence_517,KQFRIRVRVIRK,1,3
Sequence_518,FLPPSPWKETFRTT,1,3
Sequence_519,VQLRIRVRVIRK,1,3
Sequence_520,VARGWKRKCPLFGKGG,1,3
Sequence_521,LNWGALLKHLLK,1,3
Sequence_522,GIMISLMKKLAAHIAK,1,3
Sequence_523,FLPMLAGLAANFLPKLFCKITKKC,1,3
Sequence_524,WWWLKKIW,1,3
Sequence_525,HRKKWFW,1,3
Sequence_526,KWCFRACYRGICYRRCR,1,3
Sequence_527,FKRLEKLFKKIWNWK,1,3
Sequence_528,RLWRIVVIRVAR,1,3
Sequence_529,KCRRLCYRQRCVTYCRGR,1,3
Sequence_530,FLSLIPKIATGIAALAKHL,1,3
Sequence_531,GKWKKILGKLIR,1,3
Sequence_532,WWVAARAARR,1,3
Sequence_533,KWKLFKKIPKFLH,1,3
Sequence_534,KLKNFAKGVAQSLLNKASCKLSGQC,1,3
Sequence_535,ILGPVLGLVGNALGGLLKNL,1,3
Sequence_536,VNWKKILAKIIKVVK,1,3
Sequence_537,GVFDIIKDAGRQLVAHAMGKIAEKV,1,3
Sequence_538,FWGKLLKLGMHGIGLLHQHLG,1,3
Sequence_539,FAPLIGRVLSGIL,1,3
Sequence_540,FLPFLAGLFGKIF,1,3
Sequence_541,FDLLGLVKKVASAL,1,3
Sequence_542,PRIKKIVQKKLAGDE,1,3
Sequence_543,GKVLDKFGKIVGKVLKQLKKVSAVAKV,1,3
Sequence_544,RNCTWLFSTKLKLPA,1,3
Sequence_545,FLPIVTNLLSGL,1,3
Sequence_546,GIMSSLMKKLKAHIAK,1,3
Sequence_547,ALWKTMLKKLGTMALHAGK,1,3
Sequence_548,FSIARLLKWWKG,1,3
Sequence_549,CFQWQRNMRKAR,1,3
Sequence_550,YKWKIRFKR,1,3
Sequence_551,SVLSTITDMAKAAGRAALNAITGLVNQ,1,3
Sequence_552,DYPWFN,1,3
Sequence_553,GNIPCGESCIFFPCFNPGCSCKDNLCYYN,1,3
Sequence_554,RCPGRTRQIGTIFGPRIKCRSW,1,3
Sequence_555,ELDRIGYGTARRKKR,1,3
Sequence_556,LALKSGGWLRLFGLKDKKH,1,3
Sequence_557,KWKLFKKIGIGKFLKKK,1,3
Sequence_558,KIKWFKTMKSLAKFLAKEQMKKHLGE,1,3
Sequence_559,GFFTLIKAANKLINKTVNKEAGKGGLEIMA,1,3
Sequence_560,AGRLTGNKGGLGGT,1,3
Sequence_561,GLLSKVLGVGKKVLCGVSGLVC,1,3
Sequence_562,DDPDKGGLKWKNDFFQEF,1,3
Sequence_563,WKLFKKILKYL,1,3
Sequence_564,SLLSLIRKLLT,1,3
Sequence_565,IIGLVSKGTCVLVKTVCKKVLKQ,1,3
Sequence_566,GIWDTIKSMGKVFAGAILQNL,1,3
Sequence_567,GLLGPLLKIAAKVGKNLL,1,3
Sequence_568,GLFSKFAGKGIKNFLNKGVKHIGKE,1,3
Sequence_569,KRGKQGGKVRAKAKTRSS,1,3
Sequence_570,WLRAFRRLVRRLARLLRR,1,3
Sequence_571,ILPILGNLLNGL,1,3
Sequence_572,GNGNLLGGLLRPVLGVVKGLTGGLGKK,1,3
Sequence_573,ALKGCWTKSIPPKPCFGK,1,3
Sequence_574,CVHGMTNTARTACIAP,1,3
Sequence_575,VSAVAKVAMKKGAALLKKMGVKISPLK,1,3
Sequence_576,ALWKNMLKGIGKLAG,1,3
Sequence_577,KKLKLALAKLALLWKALALKLKKA,1,3
Sequence_578,GLWSKIKEAAKTAGKMAMGFVNDMV,1,3
Sequence_579,KVLSKVHTLLKAVLAL,1,3
Sequence_580,INLKAITALAKKLL,1,3
Sequence_581,RAGLQFPVGRLLRRLLRRLLR,1,3
Sequence_582,GFGSLLGKALKIGTNL,1,3
Sequence_583,LHWLHHL,1,3
Sequence_584,GLNALKKVFQGIHEAIKKINNHVQ,1,3
Sequence_585,KQTENLADTY,1,3
Sequence_586,SLLSLLRKLIT,1,3
Sequence_587,VKRFKKFFRKLKKSVK,1,3
Sequence_588,VNWKKILPKIIKVVK,1,3
Sequence_589,SPGRPRPFPGRPKPIFRPR,1,3
Sequence_590,APFCLGYLSPKLKDMEPKPRG,1,3
Sequence_591,GVIDIIKGAGKDLIAHAIGKLAEKV,1,3
Sequence_592,SMGAVKLAKLLIDKMKCEVTKAC,1,3
Sequence_593,LLGPVLGLVSNVLGGLL,1,3
Sequence_594,AGRGKQGGKVRAKAKTRSS,1,3
Sequence_595,IFGAIWKGISSL,1,3
Sequence_596,GFKDLLKKAAKALVKTVLF,1,3
Sequence_597,AGLQFPVGRIGRLLRK,1,3
Sequence_598,FGTGVKRKAQCDLKSK,1,3
Sequence_599,CFAWQRAMRKVR,1,3
Sequence_600,LALRTAGWLRLLGFRDKKKN,1,3
Sequence_601,RWWKIWVIRWWR,1,3
Sequence_602,WWWLRKIW,1,3
Sequence_603,PRPLPFPRPG,1,3
Sequence_604,LVKRFKKFFRKLKKS,1,3
Sequence_605,WMLKKFRGMF,1,3
Sequence_606,KWFKKIPKFLHLAKKF,1,3
Sequence_607,WKLFKKILKVL,1,3
Sequence_608,CGETCVGGTCNTPGCTCSWPVCTRNGLPV,1,3
Sequence_609,VRLRIRVAVIRK,1,3
Sequence_610,GIGKFLHSAGKFGKAFIGEIMKS,1,3
Sequence_611,LLRRLLRRLLRRLLRR,1,3
Sequence_612,FFFHIIKGLFHAGRMIHGLV,1,3
Sequence_613,YKLLKLLLPKLKGLLIKL,1,3
Sequence_614,RIWKIWWKR,1,3
Sequence_615,RCYCRRRFCVCVGR,1,3
Sequence_616,TCGETCFGGTCNTPGCTCDPWPICTRDGLP,1,3
Sequence_617,FLPGLIKVAVGVGSTILCKITKKC,1,3
Sequence_618,HFLGKLVNLAKKIL,1,3
Sequence_619,GFREKHFQRFVKYAVPESTLR,1,3
Sequence_620,AKKVFKRLGIGAVLKVLTTG,1,3
Sequence_621,FVQWFSKFLLRIL,1,3
Sequence_622,GIVLKDLFSEKLRRYKIVIG,1,3
Sequence_623,RKFRWWVIR,1,3
Sequence_624,GLLSKFGRLARKLARVIPKV,1,3
Sequence_625,SIITMTKEAKLGQLWKQIACRLYNTC,1,3
Sequence_626,KEEQIGKSSTRGRKSSRRKK,1,3
Sequence_627,DVNDLKNLCAKTHNLLPMCAMFGKK,1,3
Sequence_628,RKRWWWWFR,1,3
Sequence_629,GSLHGFMYKYLKNMVLNLF,1,3
Sequence_630,VRVKVRVK,1,3
Sequence_631,GFKDWIKSAAKKLIKTVASNIANQ,1,3
Sequence_632,EQEENVVKIQAFWKGYKQRKEYM,1,3
Sequence_633,DDALKHLLKHLLKHL,1,3
Sequence_634,LNWGAALKHAAK,1,3
Sequence_635,FSEAIKKIIDFLGEGLFDIIKKIAESF,1,3
Sequence_636,FFPIVGKLLFGLSGL,1,3
Sequence_637,RRWQWRMKKLG,1,3
Sequence_638,CGGYSGGWHRLRSTSYRCG,1,3
Sequence_639,ILGKIWEGIKS,1,3
Sequence_640,LISWIKRKRQQGIGAVLKVLTTGL,1,3
Sequence_641,ADPRNPLEECFRETD,1,3
Sequence_642,FKRLKKLFKKIWNWK,1,3
Sequence_643,LLNSGVKLGTKLLSGLLN,1,3
Sequence_644,CFQWQRNMRKVR,1,3
Sequence_645,KLIFILSKTIPAIKNLFYKI,1,3
Sequence_646,GFCWYVCVYRNGVRVCYRRCN,1,3
Sequence_647,GFKDLLKGAAKALVKAVLF,1,3
Sequence_648,FLPIIAKLLGGL,1,3
Sequence_649,DDALRHLLRHLLRHL,1,3
Sequence_650,AKVTMTCSAS,1,3
Sequence_651,GMASKAGSVLGKITKIALGAL,1,3
Sequence_652,RGRKVVRRKK,1,3
Sequence_653,ALWKTLLKKVLKAAAKAALKAVLVGANA,1,3
Sequence_654,DNGEAGRAAR,1,3
Sequence_655,KKVVPKVKFK,1,3
Sequence_656,GCRRLCYKQRCVTYCRGPPR,1,3
Sequence_657,CLLKKLLKKC,1,3
Sequence_658,GLWNSIKIAGKKLFVNVLDKIRCKVAGGC,1,3
Sequence_659,KWRRWVRWL,1,3
Sequence_660,YPLPFIP,1,3
Sequence_661,RCLCRRGVC,1,3
Sequence_662,KKLALLALKKWLPALKKLALLALKK,1,3
Sequence_663,CVWIPCISAAIGCSCKSKVCYRN,1,3
Sequence_664,GLMDTVKNAAKNLAGQLLDTIKCKITGC,1,3
Sequence_665,ILGPVLGLVSNALGGLIKKI,1,3
Sequence_666,KGGGKWGGKGGK,1,3
Sequence_667,ADSRNPLEEEFRETNYEEF,1,3
Sequence_668,RRWWCC,1,3
Sequence_669,FSEAIKKIIDFLG,1,3
Sequence_670,GKKLLKKLKKLLKKW,1,3
Sequence_671,RGLRRLGRKIAHGVKKYGPTVKRIKRKA,1,3
Sequence_672,GLPVCGETCVTGSCYTPGCTCSWPVCTRN,1,3
Sequence_673,LLIILRRRIRKQAHAHSK,1,3
Sequence_674,KKYRYHLKPFSKK,1,3
Sequence_675,KLKLLLKLK,1,3
Sequence_676,LKLKDILGKIKVILSHLNK,1,3
Sequence_677,GVFTFEDESTSTVAPAKLYK,1,3
Sequence_678,RQWQSKIRR,1,3
Sequence_679,SLWETIKNAGKGFIQNILDKIR,1,3
Sequence_680,HKLGTLVNLAKKIL,1,3
Sequence_681,RRWWCV,1,3
Sequence_682,KILSSLLKKLKKIIAK,1,3
Sequence_683,CWTKSIPPKPC,1,3
Sequence_684,RVHRLLRRVHRLLRRVHRLLR,1,3
Sequence_685,GLPRKILAAIAKKK,1,3
Sequence_686,RRWWCS,1,3
Sequence_687,ELDRICGYGTARRKKCR,1,3
Sequence_688,FLSLIPKLVKKIIKAFK,1,3
Sequence_689,FLRSLLRGAKAIYRGARAGWRG,1,3
Sequence_690,RIKRFWPVVIRTVVAGYNLYRA,1,3
Sequence_691,KWKLFKKILKFLHLAKKF,1,3
Sequence_692,AFQWQRNMRKVR,1,3
Sequence_693,GTPCAESCVYLPCFTGVIGCTCKDKVCYLN,1,3
Sequence_694,NWRKLYRRK,1,3
Sequence_695,LRLKSIVSYAKKVL,1,3
Sequence_696,GIACGESCAYFGCWIPGCSCRNKVCYFN,1,3
Sequence_697,GLWDTIKQAGKKIFLSVLDKIRCKVAGGG,1,3
Sequence_698,KWWWRW,1,3
Sequence_699,RLARIVKIRVAR,1,3
Sequence_700,GFGSFLGSLFKTGLKIIPKLLPSIQQ,1,3
Sequence_701,ALWKDILKNLLKAALNEINQIVQ,1,3
Sequence_702,KRSQEYRIGRCPNTYACLKR,1,3
Sequence_703,GKVKIGINGFGRIGRLVA,1,3
Sequence_704,RCICTRGFC,1,3
Sequence_705,VKLYPVKLYP,1,3
Sequence_706,GGHGGHGGHGGHGGHGGH,1,3
Sequence_707,RCLPAGKTCVRGPMRVPCCGSCSQNKCT,1,3
Sequence_708,SCVFIPCISAAIGCSCKNKVCYRNGFPCGE,1,3
Sequence_709,RRWWCI,1,3
Sequence_710,MLLKKLLKKLLKKM,1,3
Sequence_711,RWRWWWRVY,1,3
Sequence_712,GIWKTIKSMGKVFAGKIKQNL,1,3
Sequence_713,GTPCGESCVYIPCFTAVVGCTCKDKVCYLN,1,3
Sequence_714,KKKVVFKVKFK,1,3
Sequence_715,ALWKSLLKNVGVAAGKAALNAVTDMVNQ,1,3
Sequence_716,GLLGPLLKIAAKVGSKLL,1,3
Sequence_717,YKLLKWLLLKLKALLEKL,1,3
Sequence_718,CYCRIPACIAGERRYATCIYQGRLWAFCC,1,3
Sequence_719,KWCFCVCYRGICRCRCRG,1,3
Sequence_720,FAKKLAKLAKKLAKLAL,1,3
Sequence_721,GLNALKKVFQKIHEAIKKINNHVQ,1,3
Sequence_722,LNWGAWLKHWWK,1,3
Sequence_723,FLPIPRPILLGLL,1,3
Sequence_724,ENMFNIKSSVESDSFWG,1,3
Sequence_725,GEKLKKIGQKIKNFFQKL,1,3
Sequence_726,IWSFLIKAATKLLGVGSLFGGGKKDS,1,3
Sequence_727,KRKLTLVFGVMAGVIGTKKR,1,3
Sequence_728,RLWLAIKRR,1,3
Sequence_729,RLKKIGKVLKWI,1,3
Sequence_730,VIPFVASVAAEMMQHVYCAASKRC,1,3
Sequence_731,KWKKLLKKPLLKKLLKKL,1,3
Sequence_732,FIGAIAAALPHVINAIKNTF,1,3
Sequence_733,LKKLLKKLLKKL,1,3
Sequence_734,FFSMIPKIATGIASLVKDL,1,3
Sequence_735,GLLKKIKTLL,1,3
Sequence_736,GIGKFLHSAGKFGKAFLGEVMKS,1,3
Sequence_737,FLPGLIKAAVGIGSTIFCKISKKC,1,3
Sequence_738,AVNIPFKVHLRCFAAFC,1,3
Sequence_739,GFMDTAKNVFKNVAVTLLDKLKCKIAGGC,1,3
Sequence_740,RGRKSSRRK,1,3
Sequence_741,KWCFRVSYRGIAYRRCR,1,3
Sequence_742,LLKKLLKKLLKKC,1,3
Sequence_743,KYYSRVRGGRSAVLSSLPK,1,3
Sequence_744,KRRWRIWLV,1,3
Sequence_745,ASEELLLRFQATSSGPILREEFE,1,3
Sequence_746,FLSMIPHIAGGIASLVKNL,1,3
Sequence_747,LKFLKFG,1,3
Sequence_748,SCLPKEEQIGKSTRGRKCRRKR,1,3
Sequence_749,SMLSVLKNLKKVKLKFVACKINKQC,1,3
Sequence_750,AKKVFKRLEKLFSKIQN,1,3
Sequence_751,FYPFG,1,3
Sequence_752,FFHHIFRGIVHVGRTIHRLVTGG,1,3
Sequence_753,DLWNSIKDMAAAAGRAALNAVTGMVNQ,1,3
Sequence_754,GYPWWDYRDLFGGHTFISP,1,3
Sequence_755,GMASLWAKVLPHVVKLIK,1,3
Sequence_756,FFIYVWRRR,1,3
Sequence_757,IKKIVSKIKKLLK,1,3
Sequence_758,GAPKGCWTKSYPPKPCK,1,3
Sequence_759,LHRLVKLVAALLRGYASKVDTH,1,3
Sequence_760,FLPLIGRVLSGAL,1,3
Sequence_761,FLFSLIPSAIAGLVSAIRN,1,3
Sequence_762,INPKSVQSLL,1,3
Sequence_763,RAGLQFPVGKLLKKLLKRLKR,1,3
Sequence_764,FLPLLLSALPSFLCLVFKKC,1,3
Sequence_765,DEDLDE,1,3
Sequence_766,RLEKLFSKIQNDK,1,3
Sequence_767,KLKKKLKKLLKK,1,3
Sequence_768,AFTRCRRSYSTEYSYGTCTV,1,3
Sequence_769,FLPIIAGMAAKVIPSLFCAITKKC,1,3
Sequence_770,GMATKAGTALGKVAKAVIGAA,1,3
Sequence_771,VPIIYCNRRTGKCQRM,1,3
Sequence_772,KKKKKKKKK,1,3
Sequence_773,DNVYSRPPQRFGQNVIS,1,3
Sequence_774,KVLKAAAKAALNAVLVGANA,1,3
Sequence_775,FAKLLAKALKKLL,1,3
Sequence_776,LLWIALRKK,1,3
Sequence_777,CFQWQRNMRKVA,1,3
Sequence_778,RRIIRKIIHIIK,1,3
Sequence_779,KLFKRIVKRILKFLRKLV,1,3
Sequence_780,GVLSVIKNALPGIMRFIA,1,3
Sequence_781,FVDLKKIANIINSIF,1,3
Sequence_782,KWCFRVCYAGICYRRCR,1,3
Sequence_783,CGYKYGCMVKVDR,1,3
Sequence_784,RAGLQFPVGRVHRLLRK,1,3
Sequence_785,LLDKLKRTLLSIEAVLI,1,3
Sequence_786,GKLFKKILKIL,1,3
Sequence_787,GIGSILGVIAKGLPTLISWIKNR,1,3
Sequence_788,RGLRRLGRKIAHGVKKYGATVLRIIRIA,1,3
Sequence_789,INWKGIAAMAKKL,1,3
Sequence_790,FIGGLRRLFATVVGTVVCAINKLGGG,1,3
Sequence_791,FPFSLIPHAIGGLISAIK,1,3
Sequence_792,CGESCVWIPCISSAVGCSCKNKVCYKNGTP,1,3
Sequence_793,FALKALKKLKKALKKAL,1,3
Sequence_794,RLLKFIKKLL,1,3
Sequence_795,RLLRRLLRRLLRRLLRRLLR,1,3
Sequence_796,GIGGALLSAGKAALKGLAKGLAEHFAN,1,3
Sequence_797,IKRLNSWLRK,1,3
Sequence_798,GLFKGKKKNKKTK,1,3
Sequence_799,VKYPKLYP,1,3
Sequence_800,ALNALKKVSQGIHEAIKLIANHVQ,1,3
Sequence_801,LIKVVNHVQYNVTLHWHGIR,1,3
Sequence_802,GLVSGLLNTAGGLLGDLLGSLGSLSGGES,1,3
Sequence_803,RLKLLLLLRLK,1,3
Sequence_804,SGYLPGKEYVYKYKGKVF,1,3
Sequence_805,SVFAFQDESTSTIAQARLFI,1,3
Sequence_806,FKKALHLFKPIKKFLKWK,1,3
Sequence_807,GFKDLLKGAKKALVKTVLF,1,3
Sequence_808,PFSLIPHAIGGLISAIK,1,3
Sequence_809,INWKGIAAMKKLL,1,3
Sequence_810,RRWWCH,1,3
Sequence_811,CSGIIKQTCTCYRK,1,3
Sequence_812,WCRRLCYKQRCVTYCRGR,1,3
Sequence_813,ILGIITSLLKSL,1,3
Sequence_814,FVRWFSKFLGRIL,1,3
Sequence_815,GVVDILKGAAKDIAGHLASKVM,1,3
Sequence_816,GRLQAFLAKMKEIAAQT,1,3
Sequence_817,KRRLIARILRLAARALVKKR,1,3
Sequence_818,GSNIEVMLGLPNSDVK,1,3
Sequence_819,GSKKPVPIIYCNRRTGKCQ,1,3
Sequence_820,LKGCWTKSIPPKPCFGK,1,3
Sequence_821,FLGELWNVAKSVF,1,3
Sequence_822,NILSSIANGINRALSFFG,1,3
Sequence_823,ILGPVLGLVSNALGGLLKNL,1,3
Sequence_824,ACYCRIPACLAGERRYGTCFYLRRVWAFCC,1,3
Sequence_825,KRNGFRKFMRRLKKFFAGGGSSIAHIKLH,1,3
Sequence_826,MKLVKTWLKVLK,1,3
Sequence_827,FVVKKKKKVF,1,3
Sequence_828,WLNALKKVWQGIHEAIKLIWNWVQ,1,3
Sequence_829,KLLKQWPIGKLLKKLLKKLLK,1,3
Sequence_830,GIINTLQKYYSRVRGGR,1,3
Sequence_831,SRSEKAGLQFPVGRIGRMLKK,1,3
Sequence_832,AKAWGIPPHVIPQIVPVRIRPLGGNV,1,3
Sequence_833,RSLCLLHCRLK,1,3
Sequence_834,IKKIVSKIKKVLK,1,3
Sequence_835,RAGLQFPVGGIGKFLHSAKKFGK,1,3
Sequence_836,FKCWRWQWRWKKLGAKVFKRLEKLFSKI,1,3
Sequence_837,KWKLFKKIEKVGQGIGAVLKVLTTGL,1,3
Sequence_838,KWCARVCARGACYRRCR,1,3
Sequence_839,ILGKLLSTAAKLLSNL,1,3
Sequence_840,WFWKWWRRRRR,1,3
Sequence_841,FLSLIPKIAGGIAALAKHL,1,3
Sequence_842,AINPKSVQSLL,1,3
Sequence_843,CFQWQRLMRKVR,1,3
Sequence_844,VAKKLAKLAKKLAKLALAL,1,3
Sequence_845,GVIKSVLKGVAKTVALGM,1,3
Sequence_846,GTKRGKLCRISRLAL,1,3
Sequence_847,FFGWLIKPAIHAGKAIHGLIHRRRH,1,3
Sequence_848,GIGKFLHAAKKFAKAFVAEIMNS,1,3
Sequence_849,DDFLCAGGC,1,3
Sequence_850,RGLRRLGRKIAHGVKKYG,1,3
Sequence_851,GLPRKILAAIAKKKGKCKGPLKLVAKC,1,3
Sequence_852,GLLKKIKKLL,1,3
Sequence_853,APRIKKIVQKKLAGD,1,3
Sequence_854,RRRIKIRWY,1,3
Sequence_855,EMLKKKKEVKMERKT,1,3
Sequence_856,FLSLLPSLVSGAVSLVKIL,1,3
Sequence_857,FLGAVLKVCKISKKCAGKLVPAAI,1,3
Sequence_858,ALWKKILKNAGKAALNKINQIVQ,1,3
Sequence_859,DSHAKRHHGTKRKFHEKHHSHRGT,1,3
Sequence_860,GIMSSLMKKLAKIIAK,1,3
Sequence_861,GFKEVLKAGLGSLVKGIPAHVAN,1,3
Sequence_862,CGESCVWIPCTITALAGCKCKSKVCYNSIP,1,3
Sequence_863,LKGCWTKSIPPKPCF,1,3
Sequence_864,VFLGNIVSMGKKI,1,3
Sequence_865,RIKRFWPVVIRTVVAGYNLYRAIK,1,3
Sequence_866,GFLNTAMNTVTNLAGTLMDKAKCKIRGC,1,3
Sequence_867,HFLKTLVNLAKKIL,1,3
Sequence_868,AMRLTGNKPCLYGT,1,3
Sequence_869,YCNRRTGKCQRM,1,3
Sequence_870,KKVVFKVKFH,1,3
Sequence_871,GAKLAKKQVRALGKFFSF,1,3
Sequence_872,KKVVFWVKFK,1,3
Sequence_873,KIFGAIWPLALGALKNLIK,1,3
Sequence_874,VKKLVYPLKVKLYP,1,3
Sequence_875,IFGSLFSLGSKLLPTVFKLFSRKKQ,1,3
Sequence_876,FFSTSCRSGC,1,3
Sequence_877,MPKRKAEGDAKGDKAKV,1,3
Sequence_878,KRWWKWIRW,1,3
Sequence_879,ELLVDLL,1,3
Sequence_880,AKRLKKLFKKIWNWK,1,3
Sequence_881,FKRLEKLF,1,3
Sequence_882,AKLKAYPLKAKLYP,1,3
Sequence_883,GICRCLCRRGVCRCICV,1,3
Sequence_884,FLPFLIPALTSLISS,1,3
Sequence_885,FKTWKNRPILSSCSGIIKG,1,3
Sequence_886,ILPWKWPAAPARR,1,3
Sequence_887,GKWKKILGHLIR,1,3
Sequence_888,LRKKWFW,1,3
Sequence_889,GIMSSLMKKLAKHIAK,1,3
Sequence_890,FFGHLFRGIINVGKHIHGLLSG,1,3
Sequence_891,EPILGIITSLLKSL,1,3
Sequence_892,ALPLIGRVLSGIL,1,3
Sequence_893,FFRRFFRRFFRR,1,3
Sequence_894,KKLAKALKLLAPLWLKLAKALKKA,1,3
Sequence_895,WLNALKKVFQGIHEAIKLIWNHVQ,1,3
Sequence_896,FLPIVAKLLSGLL,1,3
Sequence_897,LKLKSILGKLGVILSHLNK,1,3
Sequence_898,KRRLAAFRAFRGALKSVLKK,1,3
Sequence_899,WKKIPKFLHLAKKF,1,3
Sequence_900,RRWWCR,1,3
Sequence_901,ALWKNMLKGIGK,1,3
Sequence_902,DVNDLKNLCAKTHNLLPMCAMF,1,3
Sequence_903,GLLKKIKWLL,1,3
Sequence_904,RIKRWWWWR,1,3
Sequence_905,ACPIFTKIQGTYRGKAKRIGRRIC,1,3
Sequence_906,AFFARLLASVRAAVKAFAKKPRLIGLSTLL,1,3
Sequence_907,KKVVFKVKFKKK,1,3
Sequence_908,GILDAIKAFANALG,1,3
Sequence_909,WPSPGRPRPFPGRPKPIFRPR,1,3
Sequence_910,SMLSVLRNLGKVGLGFVACKINKQC,1,3
Sequence_911,VARGWGNGCGLFGKGG,1,3
Sequence_912,SSMKLSFRARAYGFRGPGLQL,1,3
Sequence_913,RWCFRVCYRGICYRRCR,1,3
Sequence_914,GRPRPFPGRPKPIFRPR,1,3
Sequence_915,VKWRWKKWRWKWKWKV,1,3
Sequence_916,GFMKYIGPLIPHAVKAIKKLI,1,3
Sequence_917,AWCFRVCYRGACYRRCR,1,3
Sequence_918,KYKKALKKLAKLL,1,3
Sequence_919,FFGWLIKGAIHAPKAIHPLIHRRRH,1,3
Sequence_920,FPVTWPTKWWKS,1,3
Sequence_921,FKARRWQWRM,1,3
Sequence_922,KKVIIEYVKIEA,1,3
Sequence_923,FLPLIGRVLSAIL,1,3
Sequence_924,FFFHIVKGLFHAGRMIHGLV,1,3
Sequence_925,VLLVTLTRLHQRGVIYRKWRHFSGRKYR,1,3
Sequence_926,GIWDTIKSMGKVFAGKIKQNL,1,3
Sequence_927,FPFFNQYVKL,1,3
Sequence_928,FLSHIAGFLSNLFGK,1,3
Sequence_929,ELRCMCIKTTSGIHP,1,3
Sequence_930,ILGPVLGLVSNALGGLLKNI,1,3
Sequence_931,RRRRSQSPRRRRS,1,3
Sequence_932,FLKGCWTKWYSLKPKCPF,1,3
Sequence_933,SCLPKEEQIGKSTRGRKCRRKK,1,3
Sequence_934,FGSLFSLGSKLLPSVFKLFSRKKQ,1,3
Sequence_935,VIVKAIATLASKLL,1,3
Sequence_936,FFYNVIKIYGNMAGRISK,1,3
Sequence_937,LVKKLLKLAMGFG,1,3
Sequence_938,WLWKAIWKLLK,1,3
Sequence_939,GKKLLKKLKKLLKKG,1,3
Sequence_940,VDDDDK,1,3
Sequence_941,KCRRWQWRMKKLGAPSITCV,1,3
Sequence_942,FLPLLAGLAANFLPTIICKIARKC,1,3
Sequence_943,RIWVIWRR,1,3
Sequence_944,KLVKRFKKFFRKLKKS,1,3
Sequence_945,FLGGILNTITGL,1,3
Sequence_946,ALWKDLLKNVGKAAGKAVLNKVTDMVNQ,1,3
Sequence_947,FKIKPGKVLDKFGKIVGKVLKQLKKVS,1,3
Sequence_948,LKWGAILKHIIK,1,3
Sequence_949,KWWKIWRWR,1,3
Sequence_950,AKKVFKRLGIGAVLKVLKKG,1,3
Sequence_951,AAKIILNPKFRCFAAFC,1,3
Sequence_952,KWKSFIKKLTKAAKKVVTTAKKPLIV,1,3
Sequence_953,RRWWCE,1,3
Sequence_954,WKLLSKAQEK,1,3
Sequence_955,GIMSSLMKKLKKHIAK,1,3
Sequence_956,ALWKEVLKNAGKAALNEINNLV,1,3
Sequence_957,ILPILSLIGGLL,1,3
Sequence_958,VKRFKKFFRKLKKS,1,3
Sequence_959,RRIRPRPPRLPRPRPRPLPFPRPG,1,3
Sequence_960,KLWKKWKKWLK,1,3
Sequence_961,ALLKLAPRLLAGIF,1,3
Sequence_962,KPVPIIYCNRRTGKCQRM,1,3
Sequence_963,RLYRRLYRK,1,3
Sequence_964,AFTHRRSYSTEYRYGTTVRGIRHRFL,1,3
Sequence_965,DIFGAIWPLALGALKNLIK,1,3
Sequence_966,CFQWLRNMRKVR,1,3
Sequence_967,LKGCWTKSIPPKPCFGG,1,3
Sequence_968,YPVKLKVYPLKVKL,1,3
Sequence_969,ILPAKAPAAPARR,1,3
Sequence_970,MAARAARLAARLARLALRAL,1,3
Sequence_971,GLFKVLGSVAKHLLPHVVPVIAEKL,1,3
Sequence_972,FLALIGRVLSGIL,1,3
Sequence_973,ATAWNLGPHGLRPIRPIRIRPLCGKDKS,1,3
Sequence_974,GVVDILKGAAKDIAGHLASKVMNK,1,3
Sequence_975,WFKMRWWGR,1,3
Sequence_976,FFPSIAGLAAKFLPKIFCSITKRC,1,3
Sequence_977,RRKKWFW,1,3
Sequence_978,GLLSGILGAGKRIVCGLSGLC,1,3
Sequence_979,FPLTWPTKWWKG,1,3
Sequence_980,CGESCVYIPCLTSAVGCSCKSKVCYRNGIP,1,3
Sequence_981,ILGKLLSTAAGLLKNL,1,3
Sequence_982,GLVGTLLGHIGKAILS,1,3
Sequence_983,KWKKKKKKPKFL,1,3
Sequence_984,FRRFFKWPRRPFKFF,1,3
Sequence_985,CGETCVGGTCNTPGCGCSWPVCTRNGLPV,1,3
Sequence_986,LNLKGLFKKVASLLT,1,3
Sequence_987,GFWGKLLEGVKKAI,1,3
Sequence_988,KQLKKVSAVAKVAMKKGAALLKKMGVK,1,3
Sequence_989,YPLKVKYPKLKV,1,3
Sequence_990,HFLGTLKNLAKKIL,1,3
Sequence_991,GVLSVIKNALPGIMRF,1,3
Sequence_992,RKWVWWRNR,1,3
Sequence_993,IKQVKKLFKK,1,3
Sequence_994,GLKALKKVFQGIHKAIKLINNHVQ,1,3
Sequence_995,LLKALKKLLKKLL,1,3
Sequence_996,GFKKLLKGAAKALVKTVLF,1,3
Sequence_997,ALWKTMLKKLGTM,1,3
Sequence_998,INWKGIAAMKKL,1,3
Sequence_999,YPCKLNLKLGKVPFH,1,3
Sequence_1000,ILPWKWPWWPARR,1,3
