id,sequence,activity,partition
Sequence_895_Neg_test,PDCKTILKALGPAATLEEMMTACQG,0,3
Sequence_896_Neg_test,AEPLRRMLRLLVGMIRENIRVV,0,3
Sequence_897_Neg_test,IMQKKVGQIMLILVSLAAVV,0,3
Sequence_898_Neg_test,SVQLQLRPGLEAEEPLKALRRA,0,3
Sequence_899_Neg_test,DKVFFCNSGAEANEAALKLARK,0,3
Sequence_900_Neg_test,FELEVPEIYEGVIEL,0,3
Sequence_901_Neg_test,KKGNCTYCGVFRRQALD,0,3
Sequence_902_Neg_test,DYSKYLNIRSLVVFGGVSIN,0,3
Sequence_904_Neg_test,TVRFIAEHAKECVQWLIDGGVPFDK,0,3
Sequence_905_Neg_test,PCFYYQIGLCPGLCI,0,3
Sequence_906_Neg_test,LPLAMEGNFNEAMKRLHTEK,0,3
Sequence_912_Neg_test,GDGILKIEMHFLPDVYV,0,3
Sequence_913_Neg_test,AGGEFSVEDMIPDDKMV,0,3
Sequence_914_Neg_test,MAAADALVFAH,0,3
Sequence_915_Neg_test,FDYAQSNYEPIKEKDTARNQVEELK,0,3
Sequence_918_Neg_test,ELAADKEFSSLERFAELVEKL,0,3
Sequence_920_Neg_test,LPFIKAQNYGINLPITGSMDTA,0,3
Sequence_921_Neg_test,IFDFRPSVEFFLEAPVVLLSIFIYNA,0,3
Sequence_922_Neg_test,SKISVVGAGSVGSSLAYACLIRGSAG,0,3
Sequence_923_Neg_test,TSLIANIDWTDGNQTNITMMG,0,3
Sequence_924_Neg_test,AVGSKTVDPILQCLLFKVEDNSLNI,0,3
Sequence_925_Neg_test,SEEEKAIMRRAKNAGIRSFPKSCSNQEYR,0,3
Sequence_929_Neg_test,NDWNELFVPGLFHLKKTMADMHKV,0,3
Sequence_930_Neg_test,KKIAKQTRRQGVMGDI,0,3
Sequence_932_Neg_test,GTKVGHLTYVGDATLGKDINVGC,0,3
Sequence_934_Neg_test,GSAGVQGFQSAIQRAL,0,3
Sequence_935_Neg_test,VFKAGTIGTIADKTAF,0,3
Sequence_937_Neg_test,QPVLVGTISIEKSELISNALKKAK,0,3
Sequence_938_Neg_test,ISLVDPDTLLDLPDAPLAPGTVARL,0,3
Sequence_939_Neg_test,APGKNSPFRDRSVEENLALFEKMRT,0,3
Sequence_943_Neg_test,AVAVLDPQKGEKILDLCAAPGGKT,0,3
Sequence_953_Neg_test,ECGLDIFAQTNMQVLRAKSLLLTDLFIELV,0,3
Sequence_961_Neg_test,AISTAYLLIESGEVTSAEFMSGTRPLPRK,0,3
Sequence_975_Neg_test,LPCRIKQIINRWQEVGKAMYAPPIRGQINC,0,3
Sequence_978_Neg_test,DAAAVIATSADLPMEIGTDAGSERILLA,0,3
Sequence_982_Neg_test,IAVQQSDTEPKNLVDPKGRFQQWALANFVE,0,3
Sequence_1018_Neg_test,LADQKKKARGRAAKASGSPTAPAPKGR,0,3
Sequence_1027_Neg_test,GLSPLTALKGGYAYVEDDGGRPVRSIGDVS,0,3
Sequence_1028_Neg_test,NCKTAQEAEALARQGQQLMAEIHALPIPVI,0,3
Sequence_1029_Neg_test,IYAPPIKGPISCLSNITGLLLT,0,3
Sequence_1030_Neg_test,KAYGAQAVVISVDPKR,0,3
Sequence_1031_Neg_test,VLSLIENVDVHAISHLT,0,3
Sequence_1032_Neg_test,IGGKKVRAEVPLAEM,0,3
Sequence_1033_Neg_test,GVMLQTLDSLWKEHLAAM,0,3
Sequence_1034_Neg_test,EKLVQIVDSNVETTIDTTSKG,0,3
Sequence_1038_Neg_test,YQQALQALERARALCQLPEL,0,3
Sequence_1039_Neg_test,KVRRQSTDKYDLFYGHIGAM,0,3
Sequence_1042_Neg_test,GRIDYYWSVLKPGE,0,3
Sequence_1043_Neg_test,KLKLTNRQDLIAGRILKEIVARLV,0,3
Sequence_1045_Neg_test,VQLGPAELLFLLEDLSQKLENMLT,0,3
Sequence_1046_Neg_test,ISHISRFGLLEMSRQRLSPSLGESSHHVCP,0,3
Sequence_1051_Neg_test,TLTYPNAYQISYPGFLEDLTG,0,3
Sequence_1052_Neg_test,GASMQFALIPLNLLPAGATAEYIVTG,0,3
Sequence_1055_Neg_test,AGSADADLTLLSFAHADGTGEAVV,0,3
Sequence_1057_Neg_test,CLSDHSVFVQSYYLDREAGRSP,0,3
Sequence_1058_Neg_test,PEKFKRSELDGKSQDELIGLLADL,0,3
Sequence_1059_Neg_test,AVLGLVIGELLYHKFYQYDEGKL,0,3
Sequence_1063_Neg_test,NILLQKGKYGQKKSLHQKKVVVEFSSPNI,0,3
Sequence_1064_Neg_test,ARAAAIAQETLDQVREAMNMKYMKIVGLT,0,3
Sequence_1066_Neg_test,TKEKISICTRAYR,0,3
Sequence_1067_Neg_test,VQLPEDVLEDDVT,0,3
Sequence_1068_Neg_test,KIEENTFSFLKIK,0,3
Sequence_1069_Neg_test,DAPYFGFEIPNAP,0,3
Sequence_1070_Neg_test,PIIALQAAMDGYE,0,3
Sequence_1071_Neg_test,KARGLDSAARVGERLDV,0,3
Sequence_1072_Neg_test,APQAQPPVCRLMDYGKF,0,3
Sequence_1076_Neg_test,GHQSTNSTETVDTLTETNVPVTHAKE,0,3
Sequence_1077_Neg_test,DGKKYKGTLKSVDGNDFVVTVNEK,0,3
Sequence_1080_Neg_test,GQITMQMSDLIGMQDAQIRG,0,3
Sequence_1081_Neg_test,MIAPSGPIYQAGTLSGN,0,3
Sequence_1083_Neg_test,TCQTIAGVLRTNKTFQNVSPLWIGE,0,3
Sequence_1086_Neg_test,SSDSQAMGRIGEVVIRTWQTADKM,0,3
Sequence_1087_Neg_test,EIAGPGFINFFLNADQRFAVLDQI,0,3
Sequence_1091_Neg_test,RVFKQFLSDEFDA,0,3
Sequence_1092_Neg_test,IVLLSRFIERIGDH,0,3
Sequence_1093_Neg_test,PLVTGEIGEDLAFY,0,3
Sequence_1094_Neg_test,GFSLKFQSWLQVQRPQMRSLHLEQ,0,3
Sequence_1095_Neg_test,RYDAEGSPRLWKTEEEIDGAFRVA,0,3
Sequence_1097_Neg_test,SNLPHLHDITTMIELLGCLGARLTVDER,0,3
Sequence_1098_Neg_test,FVMYIGELSNEIDNKFDLKNDSKF,0,3
Sequence_1100_Neg_test,VELKSGYKDWILW,0,3
Sequence_1101_Neg_test,VTADRTWKADVLMQHGKIVAIGSN,0,3
Sequence_1102_Neg_test,IDLHQPCLLLYTLPEWEIIE,0,3
Sequence_1103_Neg_test,SLGEAVMRMGDLHSLQSRNGKWREQLS,0,3
Sequence_1104_Neg_test,KEGDILINAGRQQ,0,3
Sequence_1105_Neg_test,TELLEKRKEMSLY,0,3
Sequence_1106_Neg_test,GDVGSDTLGHIAK,0,3
Sequence_1107_Neg_test,ETSAASNNQRRTD,0,3
Sequence_1108_Neg_test,KGDKFQALADELLNHLASSKIPEL,0,3
Sequence_1109_Neg_test,LTINPCIEESLQLAKLSWNDIDGI,0,3
Sequence_1110_Neg_test,MQGAGNDFIVIDN,0,3
Sequence_1111_Neg_test,DLHDALASHYAATNTPE,0,3
Sequence_1112_Neg_test,EFEAELYILTKEEGGRHTP,0,3
Sequence_1113_Neg_test,IYNTIKQVFKYVVAYAAHVPSFAD,0,3
Sequence_1114_Neg_test,GCFEIFHKCDNNCIESIRNGTYDH,0,3
Sequence_1116_Neg_test,RVGHIFRAAHPYSFLQKDTHGLNSKRLA,0,3
Sequence_1117_Neg_test,AHIAQEVLGTTTV,0,3
Sequence_1119_Neg_test,IRQSIERAIMNQARTVRLPVHVIRELNQ,0,3
Sequence_1120_Neg_test,GLLGALLLWMGLQARDRSISLTLLAVG,0,3
Sequence_1123_Neg_test,MILGHANQSVVAA,0,3
Sequence_1125_Neg_test,CDPIVEDSAVQIITPKDQEGIEIIRHSC,0,3
Sequence_1128_Neg_test,FQHGLERGALLRPLGSVVYFLPP,0,3
Sequence_1129_Neg_test,LLFSSGVMTGRITPERFVELT,0,3
Sequence_1130_Neg_test,CAIFDRVKNAAYEIIQRKGYTSYAIGLA,0,3
Sequence_1131_Neg_test,DFPVESKFDFLPDESASQGVSAFLAVQ,0,3
Sequence_1132_Neg_test,AALGMVGDTEKGTEPHIQAVQPDRTH,0,3
Sequence_1133_Neg_test,IVKLVPSKPMCVESYNEYPPLGRF,0,3
Sequence_1134_Neg_test,LIGRRLLNKMMSGRGAEMPDG,0,3
Sequence_1135_Neg_test,GCDFLYTDVWVSMGEAKEAWDERIN,0,3
Sequence_1136_Neg_test,FHSFGGGTGSGFTSLLMERLSV,0,3
Sequence_1137_Neg_test,KSDKKMLRDFTTAFRPAIVLAALFA,0,3
Sequence_1138_Neg_test,VLADLPCSGLGVIGRKPDIKYR,0,3
Sequence_1139_Neg_test,GGNAISSMIETGNVVGVEFVAINTD,0,3
Sequence_1140_Neg_test,PGILGHTSNLGYFHLPLSAGLPGTH,0,3
Sequence_1141_Neg_test,VNIAMNALSSNAAQLFNVGLQAPSRVIGKN,0,3
Sequence_1144_Neg_test,LVKQIELFPEVI,0,3
Sequence_1145_Neg_test,VKNVAVKELRRGYVAGDSK,0,3
Sequence_1146_Neg_test,SGYGRDLYGKPMLL,0,3
Sequence_1148_Neg_test,VGAPQVAYRETITQPVEDSYTHKKQSGGS,0,3
Sequence_1149_Neg_test,VFNTKAAQLNGPEQLLEFEKVVI,0,3
Sequence_1154_Neg_test,GSLARFTDVKRLRPFADSSILGFSGDI,0,3
Sequence_1155_Neg_test,FEPIPIHYCTPAGYALLKCKDKKFNGTG,0,3
Sequence_1159_Neg_test,VRFLSMASNGNLCYGFDGEIYTLAPG,0,3
Sequence_1160_Neg_test,EQLGKNVQRIEQQKETLQHQANQIQSQVH,0,3
Sequence_1163_Neg_test,SGIRDKMKKEYALFYTLDVAPIEDDN,0,3
Sequence_1186_Neg_test,ATITIQNYFRMYEKLAGMTGSATPSKEEFW,0,3
Sequence_1190_Neg_test,VSKDAMVASYPELEKTFHDVSESAYGEEDA,0,3
Sequence_1191_Neg_test,TYNFTEEYDIIVIGAGHAGVEASLAASRMG,0,3
Sequence_1192_Neg_test,NLLLNEKQLEAKGATFYKINRGGDITYHGP,0,3
Sequence_1193_Neg_test,PTIIEERQLNVAQMDVFSRLMMDRIIFLGT,0,3
Sequence_1198_Neg_test,FPAAQHEVLINPKMSFGTGHHATTWLMMQQ,0,3
Sequence_1199_Neg_test,RHQRNAHALTEWLARQPEVAEILYPAR,0,3
Sequence_1200_Neg_test,DILLGMSDIVKAMTFPTKMRWDSNDFEFV,0,3
Sequence_1205_Neg_test,QNAMMANFMRQMGQSVPESKKT,0,3
Sequence_1206_Neg_test,KAEMMEEEFFLGLRKKSGVSIKRFEEKFG,0,3
Sequence_1207_Neg_test,DLFSLDETTVRKLQSYLEAVATRSTPIA,0,3
Sequence_1208_Neg_test,DTDTTSNATSNWERMEKGEIKNCSF,0,3
Sequence_1209_Neg_test,MNLLSLLPVGTDIFVVGENRSGVRSAEQML,0,3
Sequence_1210_Neg_test,YADVHQRVWEEMRSALSRAGWRN,0,3
Sequence_1211_Neg_test,EIGKLKAKKQDASALIQSTEEIKKR,0,3
Sequence_1214_Neg_test,MNKQKRQWLIKQTILEHPVENQEQLASL,0,3
Sequence_1243_Neg_test,VVDGQTTGEIQQGLLVFLGLGREDTLQ,0,3
Sequence_1244_Neg_test,MVKQEVPAAETEPSCQTSSFFL,0,3
Sequence_1245_Neg_test,TDYFTIQELSEASQLSHVSVRK,0,3
Sequence_1248_Neg_test,AVDSVVMIIDSTKGIEAQTIKLFKVCR,0,3
Sequence_1250_Neg_test,IPQLKQELQDAEEREAGGVLEDERPLVSER,0,3
Sequence_1252_Neg_test,DVWLLSLKDMKPLRITSGLGVSIRPKI,0,3
Sequence_1254_Neg_test,GEQAAAQPHTEIPEGT,0,3
Sequence_1255_Neg_test,LKNIYAIVAGLASALDMGENA,0,3
Sequence_1257_Neg_test,GIRRLEARPTADLCIDCKTLAEIREK,0,3
Sequence_1260_Neg_test,FNEQLTELHQHLLEMGMLVNEA,0,3
Sequence_1261_Neg_test,PAAGQADIIVDITSTGLTLKAN,0,3
Sequence_1262_Neg_test,TMECSPRTGLDFNEMVL,0,3
Sequence_1268_Neg_test,RRFLALGSKFRYS,0,3
Sequence_1272_Neg_test,ADSGQIGGDTSVEFMALAEAGE,0,3
Sequence_1273_Neg_test,VGITLGQALGKALG,0,3
Sequence_1274_Neg_test,CIEAVKNLKSRYK,0,3
Sequence_1275_Neg_test,IKVNPAGPVCHTG,0,3
Sequence_1276_Neg_test,VNGVGKTTTIGKL,0,3
Sequence_1277_Neg_test,HPKVSSEVHIPIKE,0,3
Sequence_1278_Neg_test,KTVATMYQEETAEIRPF,0,3
Sequence_1279_Neg_test,NLLSEKGLNIVTLPKTI,0,3
Sequence_1280_Neg_test,ELKPRITVFGVGGA,0,3
Sequence_1281_Neg_test,FCLWVYIGAFGL,0,3
Sequence_1284_Neg_test,TGWQRPVKQKMSQQLQSIIDTAWD,0,3
Sequence_1286_Neg_test,TDGQVLVYHDLLNY,0,3
Sequence_1287_Neg_test,KTIFTSPASPSSEF,0,3
Sequence_1288_Neg_test,NVNSYGSDRIEMGE,0,3
Sequence_1289_Neg_test,SHSKGQNVYLTWPVP,0,3
Sequence_1296_Neg_test,RDAAGVCRHNLAYWRGE,0,3
Sequence_1297_Neg_test,DVSPESESYDCVDEILSL,0,3
Sequence_1306_Neg_test,ITDHGVVQAFPDAQIAAKK,0,3
Sequence_1310_Neg_test,SLDIDKVGPEFEHDKIFPERV,0,3
Sequence_1311_Neg_test,DDKPGLYFHEEYVDMCRGPH,0,3
Sequence_1312_Neg_test,GEYTFEKGDYGDAVVYRGTTTYKLN,0,3
Sequence_1313_Neg_test,VNEHGYTEVIPPYLVNSKAMFGTG,0,3
Sequence_1315_Neg_test,DNPELVAAKQKRIPVIQRAQMLAEIMRFR,0,3
Sequence_1317_Neg_test,KLDLFANEKLKAALKARDIVAGIAS,0,3
Sequence_1318_Neg_test,ALQASVDRDCLSGWGGYVLVVTPT,0,3
Sequence_1319_Neg_test,IRKEEERGVSGAA,0,3
Sequence_1320_Neg_test,YLVDFIWKSTSFD,0,3
Sequence_1321_Neg_test,YLTDMSLEEISRDWFMLMPKQKVAGSLC,0,3
Sequence_1322_Neg_test,LESDKASIERLIRLEESLSKLQENSS,0,3
Sequence_1323_Neg_test,FAISFHRQLRGKSAFRSELDEISGI,0,3
Sequence_1333_Neg_test,VKCLACGRPSDSFVVKGVVCKKNVAHRRMA,0,3
Sequence_1335_Neg_test,LKIEMNFLPDVYVDCEE,0,3
Sequence_1338_Neg_test,LDEDLVMSDVNEATSLERLRD,0,3
Sequence_1339_Neg_test,VFPEEAVFEKVTQSSGRVYILKFRH,0,3
Sequence_1340_Neg_test,KLSNGLAKLAEEDPTFTVKTDEQSG,0,3
Sequence_1341_Neg_test,FEDTPDFVARYIAREAREYLKSLP,0,3
Sequence_1343_Neg_test,WYKKGSSIGKMFEATARGARR,0,3
Sequence_1346_Neg_test,VYSHNAFLDSVEQVENVEFQESIP,0,3
Sequence_1352_Neg_test,ECLAEALDNRV,0,3
Sequence_1354_Neg_test,EALLEKYLGGEDLTEDEIRAGV,0,3
Sequence_1356_Neg_test,PGSPNFNPDWLTTFFGKLSVEQSLD,0,3
Sequence_1357_Neg_test,GPMHIGNARGGVLGDALAAV,0,3
Sequence_1363_Neg_test,ERAARLEGKNMIMIL,0,3
Sequence_1364_Neg_test,VAFVKTSSGYGFVKQHNGMY,0,3
Sequence_1365_Neg_test,IGEGAFVGSNSSLVAPVSIGKGGYIASGSV,0,3
Sequence_1367_Neg_test,DVIGLHIDSGQACVQVFFIRANQNW,0,3
Sequence_1368_Neg_test,SCNGLEVQIELSSRRFMGLKER,0,3
Sequence_1369_Neg_test,LSMRMMTVERVFNRFPSMIR,0,3
Sequence_1370_Neg_test,QSGRIVVDYMVQKSGKTGTITY,0,3
Sequence_1371_Neg_test,IARMTQQCEKFGVERASDVINE,0,3
Sequence_1372_Neg_test,RQWRTVVKSGRTHLM,0,3
Sequence_1373_Neg_test,CNMCNLTNDVPQGFDWD,0,3
Sequence_1374_Neg_test,TFIKTTLSLHYAWKTMAMVL,0,3
Sequence_1376_Neg_test,KLEEKMFIAAENLQFEEAQRIKEII,0,3
Sequence_1377_Neg_test,RNGIEEKLQQVRSFY,0,3
Sequence_1378_Neg_test,YEGQRAYILQYMQMNGSLDK,0,3
Sequence_1384_Neg_test,FTPASLASGEGNEIVHQ,0,3
Sequence_1385_Neg_test,EITTSAWVDIENLTRKV,0,3
Sequence_1386_Neg_test,ELWRMKAKAEK,0,3
Sequence_1387_Neg_test,FTFVHFWFAFFCGFSAQTVYDQWFI,0,3
Sequence_1390_Neg_test,WIEDISFVHSYVLTPAQLGGL,0,3
Sequence_1392_Neg_test,AKELRSGKTLISFDLYDGTSSM,0,3
Sequence_1393_Neg_test,PFADVGTLVIAEYQSLATDYLFIGLL,0,3
Sequence_1394_Neg_test,DAALAGDIDAICFAPLNKQAMKLGGL,0,3
Sequence_1395_Neg_test,VAGPQIRQGKVVDKIALIADD,0,3
Sequence_1396_Neg_test,INEKGVSPEAADRIGEYVRLNGGAE,0,3
Sequence_1397_Neg_test,YDNADMVIVNTCGFIDSAVQESLEAIGEA,0,3
Sequence_1401_Neg_test,IIYEGYGPGGTAIMIECLSDNRNR,0,3
Sequence_1402_Neg_test,AGRLGFITDVVLDDMD,0,3
Sequence_1404_Neg_test,NLRLDQRSYITEEDARGQINELK,0,3
Sequence_1406_Neg_test,FYNPKDLIGKLTIFIA,0,3
Sequence_1407_Neg_test,STEHINIQRGGSGRQI,0,3
Sequence_1409_Neg_test,FLYSSVGSIIQNGVRAIPLGQTDG,0,3
Sequence_1410_Neg_test,FEARGHTRIDRYPVVARWRDDIYLT,0,3
Sequence_1411_Neg_test,LQRRIEEEQKSKIKGREYTNIKYSL,0,3
Sequence_1415_Neg_test,RRGFKLDVEMLRQQEERRKVLQVE,0,3
Sequence_1425_Neg_test,TIESEVMDSNTVSSFQVDCFLWHVRKRFAD,0,3
Sequence_1433_Neg_test,PQALVLKLNLDPETKHCQGVSILHQNQVY,0,3
Sequence_1448_Neg_test,QYTPTTETVHKRPLLIVPPWINKFYILDLQ,0,3
Sequence_1451_Neg_test,LRALRPPMSQAREAVIAAAFAKLDSSGD,0,3
Sequence_1455_Neg_test,RMAHAGATQVAETVLTGAPGYNPLYIHSAV,0,3
Sequence_1491_Neg_test,KLRPIATVREQDGLAKSSRNVNLSDQE,0,3
Sequence_1500_Neg_test,RTQIAVIDIDDAWGARLATGTTTETWTCST,0,3
Sequence_1501_Neg_test,LGSLAAALGGLDALVFTGGIGEHATEIRRL,0,3
Sequence_1502_Neg_test,FCPYKSEQVTGSPVKVYTNGKL,0,3
Sequence_1503_Neg_test,EKKARVEDALHATRAA,0,3
Sequence_1504_Neg_test,RQNETFRPEGGNMKDNW,0,3
Sequence_1505_Neg_test,VDKMLEGEKDKLLHM,0,3
Sequence_1506_Neg_test,TLSGGGRYNGLVQEIGGP,0,3
Sequence_1507_Neg_test,SLVGYLCIKCGLDTVIAGNIG,0,3
Sequence_1511_Neg_test,LEDTAEAFADFDYNLNHELA,0,3
Sequence_1512_Neg_test,KLPYDVTTEQALTYPEVKNK,0,3
Sequence_1515_Neg_test,PGHEQKKANIYKGK,0,3
Sequence_1516_Neg_test,LGAVALGASAGQTVIGDSTTVLLY,0,3
Sequence_1518_Neg_test,EPAVPALHAELAKGADFASESAGE,0,3
Sequence_1519_Neg_test,KDDLNTAATPKPLNKKVSKTPKKEETKSQP,0,3
Sequence_1524_Neg_test,EELQYALRDAGQKLVLVNFSS,0,3
Sequence_1525_Neg_test,IEDLDADLVADFLTHVETVRGNTART,0,3
Sequence_1528_Neg_test,TSRRGRVEGMEAHGNSQIVNAMVP,0,3
Sequence_1530_Neg_test,ELAYNSLMGLNHTPLSPSEYIQ,0,3
Sequence_1531_Neg_test,MLPGKPVANLMIKLYGFIPMRQGL,0,3
Sequence_1532_Neg_test,HRHSVGATLEALFQGPPVYREIK,0,3
Sequence_1536_Neg_test,QIEILRENKKKYENVLKLAQTLSTQLFQM,0,3
Sequence_1537_Neg_test,SLCLFSYHRLRDFSLIATRTVELLGRNSL,0,3
Sequence_1539_Neg_test,GNARPMIVFDTVR,0,3
Sequence_1540_Neg_test,IEPMGFQWDDKRV,0,3
Sequence_1541_Neg_test,KEKLQERVAKLAG,0,3
Sequence_1542_Neg_test,GPSWLINEFKKKM,0,3
Sequence_1543_Neg_test,GDAHIYTNHFEQV,0,3
Sequence_1544_Neg_test,LQQPGYIQAGYSLLNAP,0,3
Sequence_1545_Neg_test,EGVEFSALRSETWTQSK,0,3
Sequence_1549_Neg_test,KRADPAFVCKQGVVDRGWGNGCGLFG,0,3
Sequence_1550_Neg_test,SSLEKIAEECDIITFHVPLYKEGK,0,3
Sequence_1553_Neg_test,YMMGSYAPKLEIQEYKSPNE,0,3
Sequence_1554_Neg_test,LTVVVGDIIGVLEQGKR,0,3
Sequence_1556_Neg_test,DNAKTIIVQLNKSVAIECTRPNNNT,0,3
Sequence_1559_Neg_test,LDAGRAAKLCSENNTANFKRCSPL,0,3
Sequence_1560_Neg_test,ISPSEDRKQPSNNLDRVKLTDFNF,0,3
Sequence_1564_Neg_test,TPRHDEQSRSGVD,0,3
Sequence_1565_Neg_test,VVNYLDVIVDGKFI,0,3
Sequence_1566_Neg_test,KRAARHTLIEVLEG,0,3
Sequence_1567_Neg_test,LLRKGGTIMFSNNKRGFRMDHDGL,0,3
Sequence_1568_Neg_test,LEGSGFRKPNNVFVHGYVTVNGAK,0,3
Sequence_1570_Neg_test,DLMTFTEALVRDAAMKAVGTLQLTYQGR,0,3
Sequence_1571_Neg_test,ERHNRKIVFAYLLLPGINDRPSDV,0,3
Sequence_1573_Neg_test,RPLLLGVAKGADR,0,3
Sequence_1574_Neg_test,SSRHRVMVAQNSGIVENVASPPLT,0,3
Sequence_1575_Neg_test,WTAANRPGVEFILSAAADCP,0,3
Sequence_1576_Neg_test,KIGWAFGIGLERIAMLLYEIPDIRLFW,0,3
Sequence_1577_Neg_test,WKFLEMFRGSSQN,0,3
Sequence_1578_Neg_test,DEKIDTNGDSSIE,0,3
Sequence_1579_Neg_test,TYLERVGNLCGSI,0,3
Sequence_1580_Neg_test,ESIRNNTYDHAQY,0,3
Sequence_1581_Neg_test,EAENQTLATISFQNYFRMYSKLAG,0,3
Sequence_1582_Neg_test,SKVEPAAQESTGESKKQTDGSVPE,0,3
Sequence_1583_Neg_test,GKGSIMRSDAPIG,0,3
Sequence_1584_Neg_test,SMQFPDGSVREYDASMT,0,3
Sequence_1585_Neg_test,VEGVYSAKAALALSRQHHV,0,3
Sequence_1586_Neg_test,PLCVVCGQAHSPEENHFYTYPEEV,0,3
Sequence_1587_Neg_test,YADYKDLMDLTEDMLRDVAEKVLG,0,3
Sequence_1589_Neg_test,FEAGIVDPAKVTRSALQNAASVAAMFLT,0,3
Sequence_1590_Neg_test,AVAFVPISGWHGD,0,3
Sequence_1592_Neg_test,GVSIQEETVAELRTVESEAASYLDQISR,0,3
Sequence_1593_Neg_test,TVASFDTTLDKIIDIRPDRIAAYSYAH,0,3
Sequence_1596_Neg_test,DIPLEKESYVHRT,0,3
Sequence_1598_Neg_test,RAEAAKTMDEVRAAMQINYFDDAELIRS,0,3
Sequence_1601_Neg_test,AKAVDKKLKKGSGVTRAVHDAVE,0,3
Sequence_1602_Neg_test,NELLYILENSDVKIQFYGTEV,0,3
Sequence_1603_Neg_test,PVHPDSKQCFKIFCKGNVQVDNGSSINR,0,3
Sequence_1604_Neg_test,IMVHGDDSGLVIPPRIAPVQTMIIPIA,0,3
Sequence_1605_Neg_test,YTKPAEWKGRKIPDVLLSGHHGEIEK,0,3
Sequence_1606_Neg_test,TDVDIQEFMIAPIGAESFREALRW,0,3
Sequence_1607_Neg_test,FAERQVIAKVDGKLWDMPRPL,0,3
Sequence_1608_Neg_test,TRPNNNTRKSIHIGPGRAFYATGEI,0,3
Sequence_1609_Neg_test,ATLSSPEFEGGPVSSQSDESSL,0,3
Sequence_1610_Neg_test,AEGTDRVIEVVQRICRGVLHIPRRI,0,3
Sequence_1611_Neg_test,TTMQSYDRDPRSIAIRAENYMR,0,3
Sequence_1612_Neg_test,PHDVQQVVTVNKETKDVDTSSYHCN,0,3
Sequence_1613_Neg_test,APPGYVGYEEGGYLTEAVRRRPYSV,0,3
Sequence_1614_Neg_test,VVRQSSRELHYGNHMRQGTVKFFNTSKGFG,0,3
Sequence_1617_Neg_test,IVMHSFNCGGEF,0,3
Sequence_1618_Neg_test,IIVGGLIGLRIVFTVLSIV,0,3
Sequence_1619_Neg_test,AADGRDTVAWWDGK,0,3
Sequence_1621_Neg_test,IVLTGEPRMKERPIGHLVDALRQGGANIE,0,3
Sequence_1622_Neg_test,RVQEIRKNYQHLWRWGHVWRWGT,0,3
Sequence_1627_Neg_test,VSVIGFFLLQVAFFGTGNVASISSFSL,0,3
Sequence_1628_Neg_test,TVLQYDDVMKLDFGTHIDGYIVDCAFTV,0,3
Sequence_1632_Neg_test,TQEKFYLISWENCWELVCSLIISGCD,0,3
Sequence_1633_Neg_test,LVYGAISYQVGWLIPFFCYRLFDFVLSCL,0,3
Sequence_1636_Neg_test,EGFTKFLESGGKEGAGPSDDEKAAEE,0,3
Sequence_1659_Neg_test,GAVFEGRISGVTKAGLFVKLNETGADGLIP,0,3
Sequence_1663_Neg_test,RLCLARPEIFAIQLRALARAAVRGNLKVMF,0,3
Sequence_1664_Neg_test,FRVRTDEESGQTIISGMGELHLEIIVDRMK,0,3
Sequence_1665_Neg_test,TFNEMDKIEEVLTRGVQQVLPDKKGLMELM,0,3
Sequence_1666_Neg_test,MSGQTVEVLNTDAEGRLVLCDVLTYVERFE,0,3
Sequence_1671_Neg_test,SLKAYPDVKAGIVHWPMSVVRLQSSHLAPL,0,3
Sequence_1672_Neg_test,KSDGSAEILQDEIVNQRITEAFMEEGA,0,3
Sequence_1673_Neg_test,GVIQGTYEIFSRIAERHFDNDLRGRFILT,0,3
Sequence_1678_Neg_test,DALNIAEDHPARTDHDTFFFNP,0,3
Sequence_1679_Neg_test,CNTSAITQACPKVTFDPIPIHYCAPAGYA,0,3
Sequence_1680_Neg_test,ADEADEATAVEPDPMEVLRAENADLRDR,0,3
Sequence_1681_Neg_test,SKSRPEPVVVCLRGKSGQGKSFLAN,0,3
Sequence_1682_Neg_test,GTQDESGLHKMVYEVVDNSVDEAMAGHCTE,0,3
Sequence_1683_Neg_test,CCVVDVQEYSADPHAIAGALKSY,0,3
Sequence_1684_Neg_test,EGEAVTNMEVVMVISTEQKYQDILE,0,3
Sequence_1687_Neg_test,HEISAKARYFGYIKQGLYLVTEMERFAP,0,3
Sequence_1716_Neg_test,EMTERLSCMPGIAHFLQVDEYPLGDFD,0,3
Sequence_1717_Neg_test,TPGYLDAALDNLVSGGVLHAHS,0,3
Sequence_1718_Neg_test,EGYPHLTGLADQQLKPIDMNTI,0,3
Sequence_1721_Neg_test,RVSLGGLHDESEIRGHRKTYIGAMAGR,0,3
Sequence_1723_Neg_test,KTSLWKEMQYNRDIIIRFKFGNSIIKLGGL,0,3
Sequence_1725_Neg_test,IHMIRADIETEVSPIVGSEKQSEEMIH,0,3
Sequence_1727_Neg_test,DEIKKAYRKLAMKYHP,0,3
Sequence_1728_Neg_test,YPTAAQLALKPLIDADLLDLN,0,3
Sequence_1730_Neg_test,VPGRTGQNLEPDLVAELAQHPNIVGI,0,3
Sequence_1733_Neg_test,YGSQYCQDFTRPQGSVLTLAQF,0,3
Sequence_1734_Neg_test,RVQDLFDPSILRQKVEGVLHQK,0,3
Sequence_1735_Neg_test,APSEQQTYEYAKTILNL,0,3
Sequence_1741_Neg_test,TDMSIEEISREWY,0,3
Sequence_1745_Neg_test,EDKSRAPPTAVLGRAMVAHGND,0,3
Sequence_1746_Neg_test,AFLEFREEVVVRRV,0,3
Sequence_1747_Neg_test,EVIDCWVESASMP,0,3
Sequence_1748_Neg_test,QDPIADASRAILD,0,3
Sequence_1749_Neg_test,LGLDIETATHAGK,0,3
Sequence_1750_Neg_test,GIVNYMLEQSQPPS,0,3
Sequence_1751_Neg_test,YHLKSGHVTCEVGLEKL,0,3
Sequence_1752_Neg_test,AALRHLFFASNALKKTT,0,3
Sequence_1753_Neg_test,RLSTLYQLPTMQRG,0,3
Sequence_1754_Neg_test,LDEGRAGENCGI,0,3
Sequence_1757_Neg_test,PGKHALHIHTFGDLSDGCKSTGGQ,0,3
Sequence_1759_Neg_test,QYSQAVVIGSDQVA,0,3
Sequence_1760_Neg_test,KLRSYTLNAVSFHF,0,3
Sequence_1761_Neg_test,RLVNRPNLMVKVPG,0,3
Sequence_1762_Neg_test,KEVSSYIKKIGYNPA,0,3
Sequence_1769_Neg_test,RDRKRPLPLYPQTIAVV,0,3
Sequence_1770_Neg_test,CITELVLRAKKDNLAKQQ,0,3
Sequence_1779_Neg_test,YLETGSYPLGELKHGPIAI,0,3
Sequence_1783_Neg_test,VRVDNIYEHHMHSEYAEVPQD,0,3
Sequence_1784_Neg_test,FLDSSTLQLFFDLYHSIPPS,0,3
Sequence_1785_Neg_test,ISQIDFYPKILVMGEMKELGEYSKY,0,3
Sequence_1786_Neg_test,MEAVIGAIYLDQGYTAAEDFIKRF,0,3
Sequence_1788_Neg_test,NIDLARDILKSETCALECPELNLSVNPGT,0,3
Sequence_1790_Neg_test,QHHQFQVIMKPSPLNIQELYLESLK,0,3
Sequence_1791_Neg_test,GWHGYTSHGAHGVAVAADLKSTQE,0,3
Sequence_1792_Neg_test,CASKYQVLRKAKT,0,3
Sequence_1793_Neg_test,AGKDINGAQRADQ,0,3
Sequence_1794_Neg_test,NIVSSVNTISKMLLNRFTTRHRKPTYEK,0,3
Sequence_1795_Neg_test,FNEQAPFGYTPKGGTGSAVRTLVRLA,0,3
Sequence_1796_Neg_test,KFTSNKYWSKVNFPHGMLDLEEIAA,0,3
Sequence_1806_Neg_test,MEILRGSPALSAFRINKLLARFQAARLPVH,0,3
Sequence_1808_Neg_test,YEELREQLSSVSSFERF,0,3
Sequence_1811_Neg_test,EFERAADLRDQLKYIDETVES,0,3
Sequence_1812_Neg_test,TGPCNNVSTVQCTHGIKPVVSTQLL,0,3
Sequence_1813_Neg_test,ASNETFRPCVTLNCTSANLTNINGT,0,3
Sequence_1814_Neg_test,EIISSCMSLGMMVTMNQRLDAETL,0,3
Sequence_1816_Neg_test,AALVPKAEIEGEMGDMHVGLQ,0,3
Sequence_1819_Neg_test,FNCQGEFFYCNTTELFKSTWDNNG,0,3
Sequence_1825_Neg_test,ACQRPLRRSIR,0,3
Sequence_1827_Neg_test,TFEEMQKAMGENKVGTWGRGQQ,0,3
Sequence_1829_Neg_test,QDSISLTKSMLAMSQLSFNSNKKRI,0,3
Sequence_1830_Neg_test,LILGSVIGLCLLFSIWYMFG,0,3
Sequence_1836_Neg_test,RQDKIQVVFEVQSVE,0,3
Sequence_1837_Neg_test,SWVTLEKQIKNFGVILPQKS,0,3
Sequence_1838_Neg_test,PYEKAEDTKMQEIMRLAHEFLQNFCAGNQQ,0,3
Sequence_1840_Neg_test,VLVKGSRFMKMEEVVEALTDKEVVM,0,3
Sequence_1841_Neg_test,LQRGPSTEGVPESMREEYRQKQ,0,3
Sequence_1842_Neg_test,GATPKDPKILAALEAVGKSE,0,3
Sequence_1843_Neg_test,HYRIAIAVAGFAESELEITAQD,0,3
Sequence_1844_Neg_test,ILKDTDVLSFPHHEKNFFLKRK,0,3
Sequence_1845_Neg_test,RGGSISLDGGISSQY,0,3
Sequence_1846_Neg_test,REAAARLDLSNIADTEE,0,3
Sequence_1847_Neg_test,QDITGKPHEQHFRALCLIHS,0,3
Sequence_1849_Neg_test,RIFTRLGLNFRAVQADTGSIGGFAS,0,3
Sequence_1850_Neg_test,GHTIEDVKNAIGVLI,0,3
Sequence_1851_Neg_test,ERFLSAGDKVKVMIMFRGRE,0,3
Sequence_1857_Neg_test,AGDIAAAIGLKDVTTGD,0,3
Sequence_1858_Neg_test,PEQRLIVNSIAKTSSVV,0,3
Sequence_1859_Neg_test,TVPDMKKCLLI,0,3
Sequence_1860_Neg_test,IDLEFVVWQRLAGLAQRRGKTLSET,0,3
Sequence_1863_Neg_test,ASLWNWFDITNWLWYIKLFIM,0,3
Sequence_1865_Neg_test,VMFVATSNSMNIPGPLLDRMEV,0,3
Sequence_1866_Neg_test,EGEKLVLLDGQEVTLRSDTLVIADHS,0,3
Sequence_1867_Neg_test,CARRLQPGAGAARQRAVALAWHAYEN,0,3
Sequence_1868_Neg_test,FPEGYTYQGRPSIKEVLKEGQ,0,3
Sequence_1869_Neg_test,RAEELTLEKRLNKESVFMQPWPVVD,0,3
Sequence_1870_Neg_test,KKLNFEDVVKLTRHFTLNDFISRELIKTR,0,3
Sequence_1874_Neg_test,QGIHLRAYAQTDPLREYQLEGFQM,0,3
Sequence_1875_Neg_test,TDGGQLGLGGELAIST,0,3
Sequence_1877_Neg_test,LYKAICRTNGKPYVMVRIEGFRL,0,3
Sequence_1879_Neg_test,TVKARKASKHATSDWM,0,3
Sequence_1880_Neg_test,GDTEALRAAVDDETAA,0,3
Sequence_1882_Neg_test,EKGLATAVGDEGGFAPNLASTRDA,0,3
Sequence_1883_Neg_test,VTENMFGDILSDEASEITGSIGMIA,0,3
Sequence_1884_Neg_test,GISEISQEGAIQVFKELHIGIEEII,0,3
Sequence_1888_Neg_test,LLERVDHALAADPDGHEAMDKILI,0,3
Sequence_1898_Neg_test,ICGNAPLYIVHLSNGLGLDYLKMAKARHQP,0,3
Sequence_1906_Neg_test,LVIPATGEQLTLQNAFQQNLVSSALFSKV,0,3
Sequence_1921_Neg_test,DMTGSEASFRAPAIRTLCKITDPTMVQAIE,0,3
Sequence_1924_Neg_test,INGCLAYIDDEDISIEGLMEHIPGPDFP,0,3
Sequence_1928_Neg_test,EEIKSYIEKTFNIMAFILGITGGIGSGKSA,0,3
Sequence_1964_Neg_test,KEQRIYAEWGLTDEEYRLISEDILGRM,0,3
Sequence_1973_Neg_test,VPDARDRLRYVATMTEQAAERVLNAIEVAK,0,3
Sequence_1974_Neg_test,EADKRPEDLMLSYVSGEKGKDRSDRELVTP,0,3
Sequence_1975_Neg_test,GELVAVMEQKDPLGSTSRWLVD,0,3
Sequence_1976_Neg_test,IAAVENRRKFQAKLLA,0,3
Sequence_1977_Neg_test,CPIPVIHCEACGVVPEA,0,3
Sequence_1978_Neg_test,GSPVPYDRILASRMG,0,3
Sequence_1979_Neg_test,IVAEISSYQMEASSDFAT,0,3
Sequence_1980_Neg_test,ITDKQADFALEVEKTLAESGF,0,3
Sequence_1984_Neg_test,KNIIANPNCSTAQMVVALKP,0,3
Sequence_1985_Neg_test,AKLTQIPDLDMLKKQLYSKA,0,3
Sequence_1988_Neg_test,WNDPSKQEQATKVM,0,3
Sequence_1989_Neg_test,IKMELAKEFEDAVTEVLIAKTKKA,0,3
Sequence_1991_Neg_test,DGATVKTLAVVAGREGYTEVTVTA,0,3
Sequence_1992_Neg_test,ATVREAAKRVLGQRHFDVQLMGGMVLHGGK,0,3
Sequence_1997_Neg_test,KTTAKDIQQTKQMIEQKITNS,0,3
Sequence_1998_Neg_test,CVKPEARNRCRDLHAEAYEKAATVPA,0,3
Sequence_2001_Neg_test,INTQPGSKIVFNAPYDDKHTYHIK,0,3
Sequence_2003_Neg_test,KGGIVGHLNTVDIREVEQMIEN,0,3
Sequence_2004_Neg_test,VKEFDGIIKIGRTHLQDATPLTLA,0,3
Sequence_2005_Neg_test,PVKGRTVAQLAKNGMRVIDDTYN,0,3
Sequence_2009_Neg_test,FAYKIDTLNEVPFDVNKFAELVTNSPVIS,0,3
Sequence_2010_Neg_test,DTDMAIIDKRRPRANVSQVMHIIGDVAGR,0,3
Sequence_2012_Neg_test,VGQALNKNPIPII,0,3
Sequence_2013_Neg_test,TGSENDFLLLEDV,0,3
Sequence_2014_Neg_test,LNIPRRIRQGLER,0,3
Sequence_2015_Neg_test,VPVGCEAAGLRPD,0,3
Sequence_2016_Neg_test,GLNTFTNMEAQLI,0,3
Sequence_2017_Neg_test,QTFYATGDVIGDIRKAY,0,3
Sequence_2018_Neg_test,YFFISNEGNQNLFVVQA,0,3
Sequence_2022_Neg_test,IRATNQRQLIAACLAHADDAIPALIL,0,3
Sequence_2023_Neg_test,FTSLRAHADIFTKILHKRVRFVPD,0,3
Sequence_2026_Neg_test,ECTRPNNNTRKSIRIGPGQT,0,3
Sequence_2027_Neg_test,DQLDLPEKSPVVVFGGQ,0,3
Sequence_2029_Neg_test,ELKKSAISLLDTIAIRVAEGTDRII,0,3
Sequence_2032_Neg_test,EAIALVQKIAFALPAKYFEKVDVT,0,3
Sequence_2033_Neg_test,VIANCKITTCRCTDPPGIISQNYG,0,3
Sequence_2037_Neg_test,PTNTPEALCDPTK,0,3
Sequence_2038_Neg_test,AYNKDNQEDKEPLY,0,3
Sequence_2039_Neg_test,ERSHFGVNAPERAF,0,3
Sequence_2040_Neg_test,YDFSKPFSICDVGAGAGFPSIPLK,0,3
Sequence_2041_Neg_test,VSMPNVLEILEPMSNGVAVEGMES,0,3
Sequence_2043_Neg_test,ARLLKMLLKVPQEEKPLEPEILPPATIP,0,3
Sequence_2044_Neg_test,KADPTMFIFDEPTTGLHFHDIRKL,0,3
Sequence_2046_Neg_test,AICRAAGNMHLAD,0,3
Sequence_2047_Neg_test,WSLFYMIRSPDAMKAAHEEVQKIL,0,3
Sequence_2048_Neg_test,GEGWNREQSQEVQQGVLAPT,0,3
Sequence_2049_Neg_test,KVPTLAQVKKIKELCQKYQKKLVSSSE,0,3
Sequence_2050_Neg_test,QLGAYRREQNTQL,0,3
Sequence_2051_Neg_test,LAAQLYGEFKSFF,0,3
Sequence_2052_Neg_test,SGWLEGPNKVYIP,0,3
Sequence_2053_Neg_test,IERFSLSELQARA,0,3
Sequence_2054_Neg_test,MYQKYAESQGWRFEVMEASYNGVG,0,3
Sequence_2055_Neg_test,VFKWLKKMGGLEAMQARNEKKAAI,0,3
Sequence_2056_Neg_test,FVPGQENAGGRSS,0,3
Sequence_2057_Neg_test,GTYGIAITALHHHVPFF,0,3
Sequence_2058_Neg_test,SPAVIITQHMPPGFTRSFA,0,3
Sequence_2059_Neg_test,TDMELEFDNLARFLHMAVEYAQEI,0,3
Sequence_2060_Neg_test,VIPNPTTVFKITVGRATTENLLNL,0,3
Sequence_2062_Neg_test,QRPAAVLARDYISTFKLLSLYDIEQCWI,0,3
Sequence_2063_Neg_test,LRQTFADIGATVA,0,3
Sequence_2064_Neg_test,LKLNGGLGTSMGCVGPKSVIEVRDGNNF,0,3
Sequence_2065_Neg_test,ILPEEWGGESQFVHVSAKAGTGIDELL,0,3
Sequence_2068_Neg_test,QAYRIGHWLWSQD,0,3
Sequence_2070_Neg_test,ERVGLSVRGIFEELGEDNFRMFEKNLID,0,3
Sequence_2073_Neg_test,TSIKNKMQKEYALFYKLDVVPID,0,3
Sequence_0_Pos_test,KRWWKWWRR,1,3
Sequence_1_Pos_test,GKWSKILGKLIR,1,3
Sequence_2_Pos_test,SLSRYAKLANRLANPKLLETFLSKWIG,1,3
Sequence_3_Pos_test,GMASKAGSIVGKIAKIALGAL,1,3
Sequence_4_Pos_test,RRIRPRP,1,3
Sequence_6_Pos_test,GLLKWIKTLL,1,3
Sequence_8_Pos_test,KRKKWFW,1,3
Sequence_9_Pos_test,PRPFPGRPKPIFRPR,1,3
Sequence_10_Pos_test,TPFKISIH,1,3
Sequence_12_Pos_test,WRKFWKYLK,1,3
Sequence_13_Pos_test,RIKRFWPVVIRTVVAGYNLYR,1,3
Sequence_15_Pos_test,VKRFKKFFRKFKKSV,1,3
Sequence_17_Pos_test,RRGWVLALYLRYGRR,1,3
Sequence_18_Pos_test,CGETCVVLPCFIVPGCSCKSSVCYFN,1,3
Sequence_19_Pos_test,RKGLQKLVGRVHRLLRK,1,3
Sequence_21_Pos_test,LKGCWTKSIPPKPCFGF,1,3
Sequence_22_Pos_test,KQFRIRVRVIRK,1,3
Sequence_23_Pos_test,FLPPSPWKETFRTT,1,3
Sequence_24_Pos_test,VQLRIRVRVIRK,1,3
Sequence_25_Pos_test,VARGWKRKCPLFGKGG,1,3
Sequence_26_Pos_test,LNWGALLKHLLK,1,3
Sequence_31_Pos_test,GIMISLMKKLAAHIAK,1,3
Sequence_33_Pos_test,FLPMLAGLAANFLPKLFCKITKKC,1,3
Sequence_34_Pos_test,WWWLKKIW,1,3
Sequence_36_Pos_test,HRKKWFW,1,3
Sequence_39_Pos_test,KWCFRACYRGICYRRCR,1,3
Sequence_40_Pos_test,FKRLEKLFKKIWNWK,1,3
Sequence_41_Pos_test,RLWRIVVIRVAR,1,3
Sequence_43_Pos_test,KCRRLCYRQRCVTYCRGR,1,3
Sequence_44_Pos_test,FLSLIPKIATGIAALAKHL,1,3
Sequence_45_Pos_test,GKWKKILGKLIR,1,3
Sequence_47_Pos_test,WWVAARAARR,1,3
Sequence_48_Pos_test,KWKLFKKIPKFLH,1,3
Sequence_49_Pos_test,KLKNFAKGVAQSLLNKASCKLSGQC,1,3
Sequence_51_Pos_test,ILGPVLGLVGNALGGLLKNL,1,3
Sequence_52_Pos_test,VNWKKILAKIIKVVK,1,3
Sequence_54_Pos_test,GVFDIIKDAGRQLVAHAMGKIAEKV,1,3
Sequence_55_Pos_test,FWGKLLKLGMHGIGLLHQHLG,1,3
Sequence_57_Pos_test,FAPLIGRVLSGIL,1,3
Sequence_58_Pos_test,FLPFLAGLFGKIF,1,3
Sequence_59_Pos_test,FDLLGLVKKVASAL,1,3
Sequence_61_Pos_test,PRIKKIVQKKLAGDE,1,3
Sequence_62_Pos_test,GKVLDKFGKIVGKVLKQLKKVSAVAKV,1,3
Sequence_63_Pos_test,RNCTWLFSTKLKLPA,1,3
Sequence_65_Pos_test,FLPIVTNLLSGL,1,3
Sequence_68_Pos_test,GIMSSLMKKLKAHIAK,1,3
Sequence_70_Pos_test,ALWKTMLKKLGTMALHAGK,1,3
Sequence_71_Pos_test,FSIARLLKWWKG,1,3
Sequence_72_Pos_test,CFQWQRNMRKAR,1,3
Sequence_74_Pos_test,YKWKIRFKR,1,3
Sequence_75_Pos_test,SVLSTITDMAKAAGRAALNAITGLVNQ,1,3
Sequence_76_Pos_test,DYPWFN,1,3
Sequence_77_Pos_test,GNIPCGESCIFFPCFNPGCSCKDNLCYYN,1,3
Sequence_78_Pos_test,RCPGRTRQIGTIFGPRIKCRSW,1,3
Sequence_79_Pos_test,ELDRIGYGTARRKKR,1,3
Sequence_80_Pos_test,LALKSGGWLRLFGLKDKKH,1,3
Sequence_81_Pos_test,KWKLFKKIGIGKFLKKK,1,3
Sequence_82_Pos_test,KIKWFKTMKSLAKFLAKEQMKKHLGE,1,3
Sequence_83_Pos_test,GFFTLIKAANKLINKTVNKEAGKGGLEIMA,1,3
Sequence_85_Pos_test,AGRLTGNKGGLGGT,1,3
Sequence_86_Pos_test,GLLSKVLGVGKKVLCGVSGLVC,1,3
Sequence_87_Pos_test,DDPDKGGLKWKNDFFQEF,1,3
Sequence_88_Pos_test,WKLFKKILKYL,1,3
Sequence_89_Pos_test,SLLSLIRKLLT,1,3
Sequence_90_Pos_test,IIGLVSKGTCVLVKTVCKKVLKQ,1,3
Sequence_91_Pos_test,GIWDTIKSMGKVFAGAILQNL,1,3
Sequence_92_Pos_test,GLLGPLLKIAAKVGKNLL,1,3
Sequence_93_Pos_test,GLFSKFAGKGIKNFLNKGVKHIGKE,1,3
Sequence_96_Pos_test,KRGKQGGKVRAKAKTRSS,1,3
Sequence_98_Pos_test,WLRAFRRLVRRLARLLRR,1,3
Sequence_99_Pos_test,ILPILGNLLNGL,1,3
Sequence_100_Pos_test,GNGNLLGGLLRPVLGVVKGLTGGLGKK,1,3
Sequence_101_Pos_test,ALKGCWTKSIPPKPCFGK,1,3
Sequence_102_Pos_test,CVHGMTNTARTACIAP,1,3
Sequence_103_Pos_test,VSAVAKVAMKKGAALLKKMGVKISPLK,1,3
Sequence_104_Pos_test,ALWKNMLKGIGKLAG,1,3
Sequence_105_Pos_test,KKLKLALAKLALLWKALALKLKKA,1,3
Sequence_107_Pos_test,GLWSKIKEAAKTAGKMAMGFVNDMV,1,3
Sequence_108_Pos_test,KVLSKVHTLLKAVLAL,1,3
Sequence_110_Pos_test,INLKAITALAKKLL,1,3
Sequence_111_Pos_test,RAGLQFPVGRLLRRLLRRLLR,1,3
Sequence_113_Pos_test,GFGSLLGKALKIGTNL,1,3
Sequence_114_Pos_test,LHWLHHL,1,3
Sequence_116_Pos_test,GLNALKKVFQGIHEAIKKINNHVQ,1,3
Sequence_117_Pos_test,KQTENLADTY,1,3
Sequence_118_Pos_test,SLLSLLRKLIT,1,3
Sequence_121_Pos_test,VKRFKKFFRKLKKSVK,1,3
Sequence_122_Pos_test,VNWKKILPKIIKVVK,1,3
Sequence_124_Pos_test,SPGRPRPFPGRPKPIFRPR,1,3
Sequence_125_Pos_test,APFCLGYLSPKLKDMEPKPRG,1,3
Sequence_126_Pos_test,GVIDIIKGAGKDLIAHAIGKLAEKV,1,3
Sequence_127_Pos_test,SMGAVKLAKLLIDKMKCEVTKAC,1,3
Sequence_128_Pos_test,LLGPVLGLVSNVLGGLL,1,3
Sequence_129_Pos_test,AGRGKQGGKVRAKAKTRSS,1,3
Sequence_130_Pos_test,IFGAIWKGISSL,1,3
Sequence_131_Pos_test,GFKDLLKKAAKALVKTVLF,1,3
Sequence_132_Pos_test,AGLQFPVGRIGRLLRK,1,3
Sequence_134_Pos_test,FGTGVKRKAQCDLKSK,1,3
Sequence_136_Pos_test,CFAWQRAMRKVR,1,3
Sequence_137_Pos_test,LALRTAGWLRLLGFRDKKKN,1,3
Sequence_138_Pos_test,RWWKIWVIRWWR,1,3
Sequence_139_Pos_test,WWWLRKIW,1,3
Sequence_140_Pos_test,PRPLPFPRPG,1,3
Sequence_142_Pos_test,LVKRFKKFFRKLKKS,1,3
Sequence_143_Pos_test,WMLKKFRGMF,1,3
Sequence_145_Pos_test,KWFKKIPKFLHLAKKF,1,3
Sequence_146_Pos_test,WKLFKKILKVL,1,3
Sequence_147_Pos_test,CGETCVGGTCNTPGCTCSWPVCTRNGLPV,1,3
Sequence_149_Pos_test,VRLRIRVAVIRK,1,3
Sequence_150_Pos_test,GIGKFLHSAGKFGKAFIGEIMKS,1,3
Sequence_151_Pos_test,LLRRLLRRLLRRLLRR,1,3
Sequence_154_Pos_test,FFFHIIKGLFHAGRMIHGLV,1,3
Sequence_160_Pos_test,YKLLKLLLPKLKGLLIKL,1,3
Sequence_161_Pos_test,RIWKIWWKR,1,3
Sequence_162_Pos_test,RCYCRRRFCVCVGR,1,3
Sequence_163_Pos_test,TCGETCFGGTCNTPGCTCDPWPICTRDGLP,1,3
Sequence_165_Pos_test,FLPGLIKVAVGVGSTILCKITKKC,1,3
Sequence_166_Pos_test,HFLGKLVNLAKKIL,1,3
Sequence_168_Pos_test,GFREKHFQRFVKYAVPESTLR,1,3
Sequence_170_Pos_test,AKKVFKRLGIGAVLKVLTTG,1,3
Sequence_171_Pos_test,FVQWFSKFLLRIL,1,3
Sequence_172_Pos_test,GIVLKDLFSEKLRRYKIVIG,1,3
Sequence_174_Pos_test,RKFRWWVIR,1,3
Sequence_176_Pos_test,GLLSKFGRLARKLARVIPKV,1,3
Sequence_177_Pos_test,SIITMTKEAKLGQLWKQIACRLYNTC,1,3
Sequence_178_Pos_test,KEEQIGKSSTRGRKSSRRKK,1,3
Sequence_179_Pos_test,DVNDLKNLCAKTHNLLPMCAMFGKK,1,3
Sequence_180_Pos_test,RKRWWWWFR,1,3
Sequence_181_Pos_test,GSLHGFMYKYLKNMVLNLF,1,3
Sequence_182_Pos_test,VRVKVRVK,1,3
Sequence_183_Pos_test,GFKDWIKSAAKKLIKTVASNIANQ,1,3
Sequence_184_Pos_test,EQEENVVKIQAFWKGYKQRKEYM,1,3
Sequence_185_Pos_test,DDALKHLLKHLLKHL,1,3
Sequence_187_Pos_test,LNWGAALKHAAK,1,3
Sequence_188_Pos_test,FSEAIKKIIDFLGEGLFDIIKKIAESF,1,3
Sequence_189_Pos_test,FFPIVGKLLFGLSGL,1,3
Sequence_191_Pos_test,RRWQWRMKKLG,1,3
Sequence_192_Pos_test,CGGYSGGWHRLRSTSYRCG,1,3
Sequence_193_Pos_test,ILGKIWEGIKS,1,3
Sequence_194_Pos_test,LISWIKRKRQQGIGAVLKVLTTGL,1,3
Sequence_196_Pos_test,ADPRNPLEECFRETD,1,3
Sequence_197_Pos_test,FKRLKKLFKKIWNWK,1,3
Sequence_198_Pos_test,LLNSGVKLGTKLLSGLLN,1,3
Sequence_199_Pos_test,CFQWQRNMRKVR,1,3
Sequence_200_Pos_test,KLIFILSKTIPAIKNLFYKI,1,3
Sequence_202_Pos_test,GFCWYVCVYRNGVRVCYRRCN,1,3
Sequence_204_Pos_test,GFKDLLKGAAKALVKAVLF,1,3
Sequence_205_Pos_test,FLPIIAKLLGGL,1,3
Sequence_207_Pos_test,DDALRHLLRHLLRHL,1,3
Sequence_209_Pos_test,AKVTMTCSAS,1,3
Sequence_210_Pos_test,GMASKAGSVLGKITKIALGAL,1,3
Sequence_212_Pos_test,RGRKVVRRKK,1,3
Sequence_213_Pos_test,ALWKTLLKKVLKAAAKAALKAVLVGANA,1,3
Sequence_214_Pos_test,DNGEAGRAAR,1,3
Sequence_215_Pos_test,KKVVPKVKFK,1,3
Sequence_217_Pos_test,GCRRLCYKQRCVTYCRGPPR,1,3
Sequence_219_Pos_test,CLLKKLLKKC,1,3
Sequence_220_Pos_test,GLWNSIKIAGKKLFVNVLDKIRCKVAGGC,1,3
Sequence_221_Pos_test,KWRRWVRWL,1,3
Sequence_223_Pos_test,YPLPFIP,1,3
Sequence_224_Pos_test,RCLCRRGVC,1,3
Sequence_225_Pos_test,KKLALLALKKWLPALKKLALLALKK,1,3
Sequence_226_Pos_test,CVWIPCISAAIGCSCKSKVCYRN,1,3
Sequence_228_Pos_test,GLMDTVKNAAKNLAGQLLDTIKCKITGC,1,3
Sequence_229_Pos_test,ILGPVLGLVSNALGGLIKKI,1,3
Sequence_231_Pos_test,KGGGKWGGKGGK,1,3
Sequence_232_Pos_test,ADSRNPLEEEFRETNYEEF,1,3
Sequence_234_Pos_test,RRWWCC,1,3
Sequence_236_Pos_test,FSEAIKKIIDFLG,1,3
Sequence_241_Pos_test,GKKLLKKLKKLLKKW,1,3
Sequence_242_Pos_test,RGLRRLGRKIAHGVKKYGPTVKRIKRKA,1,3
Sequence_243_Pos_test,GLPVCGETCVTGSCYTPGCTCSWPVCTRN,1,3
Sequence_244_Pos_test,LLIILRRRIRKQAHAHSK,1,3
Sequence_245_Pos_test,KKYRYHLKPFSKK,1,3
Sequence_247_Pos_test,KLKLLLKLK,1,3
Sequence_248_Pos_test,LKLKDILGKIKVILSHLNK,1,3
Sequence_250_Pos_test,GVFTFEDESTSTVAPAKLYK,1,3
Sequence_251_Pos_test,RQWQSKIRR,1,3
Sequence_252_Pos_test,SLWETIKNAGKGFIQNILDKIR,1,3
Sequence_253_Pos_test,HKLGTLVNLAKKIL,1,3
Sequence_254_Pos_test,RRWWCV,1,3
Sequence_255_Pos_test,KILSSLLKKLKKIIAK,1,3
Sequence_257_Pos_test,CWTKSIPPKPC,1,3
Sequence_258_Pos_test,RVHRLLRRVHRLLRRVHRLLR,1,3
Sequence_260_Pos_test,GLPRKILAAIAKKK,1,3
Sequence_261_Pos_test,RRWWCS,1,3
Sequence_262_Pos_test,ELDRICGYGTARRKKCR,1,3
Sequence_263_Pos_test,FLSLIPKLVKKIIKAFK,1,3
Sequence_264_Pos_test,FLRSLLRGAKAIYRGARAGWRG,1,3
Sequence_265_Pos_test,RIKRFWPVVIRTVVAGYNLYRA,1,3
Sequence_267_Pos_test,KWKLFKKILKFLHLAKKF,1,3
Sequence_275_Pos_test,AFQWQRNMRKVR,1,3
Sequence_277_Pos_test,GTPCAESCVYLPCFTGVIGCTCKDKVCYLN,1,3
Sequence_279_Pos_test,NWRKLYRRK,1,3
Sequence_280_Pos_test,LRLKSIVSYAKKVL,1,3
Sequence_282_Pos_test,GIACGESCAYFGCWIPGCSCRNKVCYFN,1,3
Sequence_283_Pos_test,GLWDTIKQAGKKIFLSVLDKIRCKVAGGG,1,3
Sequence_284_Pos_test,KWWWRW,1,3
Sequence_285_Pos_test,RLARIVKIRVAR,1,3
Sequence_286_Pos_test,GFGSFLGSLFKTGLKIIPKLLPSIQQ,1,3
Sequence_287_Pos_test,ALWKDILKNLLKAALNEINQIVQ,1,3
Sequence_289_Pos_test,KRSQEYRIGRCPNTYACLKR,1,3
Sequence_290_Pos_test,GKVKIGINGFGRIGRLVA,1,3
Sequence_291_Pos_test,RCICTRGFC,1,3
Sequence_292_Pos_test,VKLYPVKLYP,1,3
Sequence_294_Pos_test,GGHGGHGGHGGHGGHGGH,1,3
Sequence_295_Pos_test,RCLPAGKTCVRGPMRVPCCGSCSQNKCT,1,3
Sequence_296_Pos_test,SCVFIPCISAAIGCSCKNKVCYRNGFPCGE,1,3
Sequence_297_Pos_test,RRWWCI,1,3
Sequence_298_Pos_test,MLLKKLLKKLLKKM,1,3
Sequence_299_Pos_test,RWRWWWRVY,1,3
Sequence_300_Pos_test,GIWKTIKSMGKVFAGKIKQNL,1,3
Sequence_301_Pos_test,GTPCGESCVYIPCFTAVVGCTCKDKVCYLN,1,3
Sequence_303_Pos_test,KKKVVFKVKFK,1,3
Sequence_304_Pos_test,ALWKSLLKNVGVAAGKAALNAVTDMVNQ,1,3
Sequence_307_Pos_test,GLLGPLLKIAAKVGSKLL,1,3
Sequence_308_Pos_test,YKLLKWLLLKLKALLEKL,1,3
Sequence_310_Pos_test,CYCRIPACIAGERRYATCIYQGRLWAFCC,1,3
Sequence_311_Pos_test,KWCFCVCYRGICRCRCRG,1,3
Sequence_313_Pos_test,FAKKLAKLAKKLAKLAL,1,3
Sequence_314_Pos_test,GLNALKKVFQKIHEAIKKINNHVQ,1,3
Sequence_315_Pos_test,LNWGAWLKHWWK,1,3
Sequence_317_Pos_test,FLPIPRPILLGLL,1,3
Sequence_319_Pos_test,ENMFNIKSSVESDSFWG,1,3
Sequence_321_Pos_test,GEKLKKIGQKIKNFFQKL,1,3
Sequence_322_Pos_test,IWSFLIKAATKLLGVGSLFGGGKKDS,1,3
Sequence_323_Pos_test,KRKLTLVFGVMAGVIGTKKR,1,3
Sequence_324_Pos_test,RLWLAIKRR,1,3
Sequence_325_Pos_test,RLKKIGKVLKWI,1,3
Sequence_328_Pos_test,VIPFVASVAAEMMQHVYCAASKRC,1,3
Sequence_330_Pos_test,KWKKLLKKPLLKKLLKKL,1,3
Sequence_331_Pos_test,FIGAIAAALPHVINAIKNTF,1,3
Sequence_332_Pos_test,LKKLLKKLLKKL,1,3
Sequence_334_Pos_test,FFSMIPKIATGIASLVKDL,1,3
Sequence_336_Pos_test,GLLKKIKTLL,1,3
Sequence_338_Pos_test,GIGKFLHSAGKFGKAFLGEVMKS,1,3
Sequence_339_Pos_test,FLPGLIKAAVGIGSTIFCKISKKC,1,3
Sequence_342_Pos_test,AVNIPFKVHLRCFAAFC,1,3
Sequence_343_Pos_test,GFMDTAKNVFKNVAVTLLDKLKCKIAGGC,1,3
Sequence_344_Pos_test,RGRKSSRRK,1,3
Sequence_345_Pos_test,KWCFRVSYRGIAYRRCR,1,3
Sequence_347_Pos_test,LLKKLLKKLLKKC,1,3
Sequence_351_Pos_test,KYYSRVRGGRSAVLSSLPK,1,3
Sequence_352_Pos_test,KRRWRIWLV,1,3
Sequence_353_Pos_test,ASEELLLRFQATSSGPILREEFE,1,3
Sequence_354_Pos_test,FLSMIPHIAGGIASLVKNL,1,3
Sequence_355_Pos_test,LKFLKFG,1,3
Sequence_356_Pos_test,SCLPKEEQIGKSTRGRKCRRKR,1,3
Sequence_357_Pos_test,SMLSVLKNLKKVKLKFVACKINKQC,1,3
Sequence_358_Pos_test,AKKVFKRLEKLFSKIQN,1,3
Sequence_361_Pos_test,FYPFG,1,3
Sequence_362_Pos_test,FFHHIFRGIVHVGRTIHRLVTGG,1,3
Sequence_363_Pos_test,DLWNSIKDMAAAAGRAALNAVTGMVNQ,1,3
Sequence_364_Pos_test,GYPWWDYRDLFGGHTFISP,1,3
Sequence_368_Pos_test,GMASLWAKVLPHVVKLIK,1,3
Sequence_369_Pos_test,FFIYVWRRR,1,3
Sequence_370_Pos_test,IKKIVSKIKKLLK,1,3
Sequence_371_Pos_test,GAPKGCWTKSYPPKPCK,1,3
Sequence_372_Pos_test,LHRLVKLVAALLRGYASKVDTH,1,3
Sequence_373_Pos_test,FLPLIGRVLSGAL,1,3
Sequence_374_Pos_test,FLFSLIPSAIAGLVSAIRN,1,3
Sequence_375_Pos_test,INPKSVQSLL,1,3
Sequence_376_Pos_test,RAGLQFPVGKLLKKLLKRLKR,1,3
Sequence_377_Pos_test,FLPLLLSALPSFLCLVFKKC,1,3
Sequence_378_Pos_test,DEDLDE,1,3
Sequence_380_Pos_test,RLEKLFSKIQNDK,1,3
Sequence_381_Pos_test,KLKKKLKKLLKK,1,3
Sequence_382_Pos_test,AFTRCRRSYSTEYSYGTCTV,1,3
Sequence_384_Pos_test,FLPIIAGMAAKVIPSLFCAITKKC,1,3
Sequence_385_Pos_test,GMATKAGTALGKVAKAVIGAA,1,3
Sequence_387_Pos_test,VPIIYCNRRTGKCQRM,1,3
Sequence_388_Pos_test,KKKKKKKKK,1,3
Sequence_389_Pos_test,DNVYSRPPQRFGQNVIS,1,3
Sequence_391_Pos_test,KVLKAAAKAALNAVLVGANA,1,3
Sequence_392_Pos_test,FAKLLAKALKKLL,1,3
Sequence_393_Pos_test,LLWIALRKK,1,3
Sequence_394_Pos_test,CFQWQRNMRKVA,1,3
Sequence_396_Pos_test,RRIIRKIIHIIK,1,3
Sequence_397_Pos_test,KLFKRIVKRILKFLRKLV,1,3
Sequence_399_Pos_test,GVLSVIKNALPGIMRFIA,1,3
Sequence_400_Pos_test,FVDLKKIANIINSIF,1,3
Sequence_401_Pos_test,KWCFRVCYAGICYRRCR,1,3
Sequence_402_Pos_test,CGYKYGCMVKVDR,1,3
Sequence_403_Pos_test,RAGLQFPVGRVHRLLRK,1,3
Sequence_405_Pos_test,LLDKLKRTLLSIEAVLI,1,3
Sequence_406_Pos_test,GKLFKKILKIL,1,3
Sequence_407_Pos_test,GIGSILGVIAKGLPTLISWIKNR,1,3
Sequence_408_Pos_test,RGLRRLGRKIAHGVKKYGATVLRIIRIA,1,3
Sequence_409_Pos_test,INWKGIAAMAKKL,1,3
Sequence_410_Pos_test,FIGGLRRLFATVVGTVVCAINKLGGG,1,3
Sequence_411_Pos_test,FPFSLIPHAIGGLISAIK,1,3
Sequence_412_Pos_test,CGESCVWIPCISSAVGCSCKNKVCYKNGTP,1,3
Sequence_413_Pos_test,FALKALKKLKKALKKAL,1,3
Sequence_414_Pos_test,RLLKFIKKLL,1,3
Sequence_415_Pos_test,RLLRRLLRRLLRRLLRRLLR,1,3
Sequence_416_Pos_test,GIGGALLSAGKAALKGLAKGLAEHFAN,1,3
Sequence_417_Pos_test,IKRLNSWLRK,1,3
Sequence_419_Pos_test,GLFKGKKKNKKTK,1,3
Sequence_420_Pos_test,VKYPKLYP,1,3
Sequence_421_Pos_test,ALNALKKVSQGIHEAIKLIANHVQ,1,3
Sequence_422_Pos_test,LIKVVNHVQYNVTLHWHGIR,1,3
Sequence_425_Pos_test,GLVSGLLNTAGGLLGDLLGSLGSLSGGES,1,3
Sequence_426_Pos_test,RLKLLLLLRLK,1,3
Sequence_427_Pos_test,SGYLPGKEYVYKYKGKVF,1,3
Sequence_428_Pos_test,SVFAFQDESTSTIAQARLFI,1,3
Sequence_429_Pos_test,FKKALHLFKPIKKFLKWK,1,3
Sequence_430_Pos_test,GFKDLLKGAKKALVKTVLF,1,3
Sequence_431_Pos_test,PFSLIPHAIGGLISAIK,1,3
Sequence_433_Pos_test,INWKGIAAMKKLL,1,3
Sequence_435_Pos_test,RRWWCH,1,3
Sequence_438_Pos_test,CSGIIKQTCTCYRK,1,3
Sequence_439_Pos_test,WCRRLCYKQRCVTYCRGR,1,3
Sequence_441_Pos_test,ILGIITSLLKSL,1,3
Sequence_442_Pos_test,FVRWFSKFLGRIL,1,3
Sequence_444_Pos_test,GVVDILKGAAKDIAGHLASKVM,1,3
Sequence_445_Pos_test,GRLQAFLAKMKEIAAQT,1,3
Sequence_446_Pos_test,KRRLIARILRLAARALVKKR,1,3
Sequence_447_Pos_test,GSNIEVMLGLPNSDVK,1,3
Sequence_449_Pos_test,GSKKPVPIIYCNRRTGKCQ,1,3
Sequence_450_Pos_test,LKGCWTKSIPPKPCFGK,1,3
Sequence_451_Pos_test,FLGELWNVAKSVF,1,3
Sequence_453_Pos_test,NILSSIANGINRALSFFG,1,3
Sequence_454_Pos_test,ILGPVLGLVSNALGGLLKNL,1,3
Sequence_455_Pos_test,ACYCRIPACLAGERRYGTCFYLRRVWAFCC,1,3
Sequence_456_Pos_test,KRNGFRKFMRRLKKFFAGGGSSIAHIKLH,1,3
Sequence_457_Pos_test,MKLVKTWLKVLK,1,3
Sequence_458_Pos_test,FVVKKKKKVF,1,3
Sequence_459_Pos_test,WLNALKKVWQGIHEAIKLIWNWVQ,1,3
Sequence_460_Pos_test,KLLKQWPIGKLLKKLLKKLLK,1,3
Sequence_461_Pos_test,GIINTLQKYYSRVRGGR,1,3
Sequence_462_Pos_test,SRSEKAGLQFPVGRIGRMLKK,1,3
Sequence_464_Pos_test,AKAWGIPPHVIPQIVPVRIRPLGGNV,1,3
Sequence_465_Pos_test,RSLCLLHCRLK,1,3
Sequence_466_Pos_test,IKKIVSKIKKVLK,1,3
Sequence_467_Pos_test,RAGLQFPVGGIGKFLHSAKKFGK,1,3
Sequence_469_Pos_test,FKCWRWQWRWKKLGAKVFKRLEKLFSKI,1,3
Sequence_471_Pos_test,KWKLFKKIEKVGQGIGAVLKVLTTGL,1,3
Sequence_473_Pos_test,KWCARVCARGACYRRCR,1,3
Sequence_474_Pos_test,ILGKLLSTAAKLLSNL,1,3
Sequence_476_Pos_test,WFWKWWRRRRR,1,3
Sequence_477_Pos_test,FLSLIPKIAGGIAALAKHL,1,3
Sequence_479_Pos_test,AINPKSVQSLL,1,3
Sequence_482_Pos_test,CFQWQRLMRKVR,1,3
Sequence_485_Pos_test,VAKKLAKLAKKLAKLALAL,1,3
Sequence_486_Pos_test,GVIKSVLKGVAKTVALGM,1,3
Sequence_487_Pos_test,GTKRGKLCRISRLAL,1,3
Sequence_488_Pos_test,FFGWLIKPAIHAGKAIHGLIHRRRH,1,3
Sequence_489_Pos_test,GIGKFLHAAKKFAKAFVAEIMNS,1,3
Sequence_490_Pos_test,DDFLCAGGC,1,3
Sequence_491_Pos_test,RGLRRLGRKIAHGVKKYG,1,3
Sequence_492_Pos_test,GLPRKILAAIAKKKGKCKGPLKLVAKC,1,3
Sequence_493_Pos_test,GLLKKIKKLL,1,3
Sequence_494_Pos_test,APRIKKIVQKKLAGD,1,3
Sequence_496_Pos_test,RRRIKIRWY,1,3
Sequence_497_Pos_test,EMLKKKKEVKMERKT,1,3
Sequence_498_Pos_test,FLSLLPSLVSGAVSLVKIL,1,3
Sequence_499_Pos_test,FLGAVLKVCKISKKCAGKLVPAAI,1,3
Sequence_501_Pos_test,ALWKKILKNAGKAALNKINQIVQ,1,3
Sequence_503_Pos_test,DSHAKRHHGTKRKFHEKHHSHRGT,1,3
Sequence_505_Pos_test,GIMSSLMKKLAKIIAK,1,3
Sequence_506_Pos_test,GFKEVLKAGLGSLVKGIPAHVAN,1,3
Sequence_507_Pos_test,CGESCVWIPCTITALAGCKCKSKVCYNSIP,1,3
Sequence_508_Pos_test,LKGCWTKSIPPKPCF,1,3
Sequence_509_Pos_test,VFLGNIVSMGKKI,1,3
Sequence_510_Pos_test,RIKRFWPVVIRTVVAGYNLYRAIK,1,3
Sequence_511_Pos_test,GFLNTAMNTVTNLAGTLMDKAKCKIRGC,1,3
Sequence_513_Pos_test,HFLKTLVNLAKKIL,1,3
Sequence_515_Pos_test,AMRLTGNKPCLYGT,1,3
Sequence_516_Pos_test,YCNRRTGKCQRM,1,3
Sequence_517_Pos_test,KKVVFKVKFH,1,3
Sequence_519_Pos_test,GAKLAKKQVRALGKFFSF,1,3
Sequence_520_Pos_test,KKVVFWVKFK,1,3
Sequence_522_Pos_test,KIFGAIWPLALGALKNLIK,1,3
Sequence_523_Pos_test,VKKLVYPLKVKLYP,1,3
Sequence_524_Pos_test,IFGSLFSLGSKLLPTVFKLFSRKKQ,1,3
Sequence_525_Pos_test,FFSTSCRSGC,1,3
Sequence_526_Pos_test,MPKRKAEGDAKGDKAKV,1,3
Sequence_527_Pos_test,KRWWKWIRW,1,3
Sequence_528_Pos_test,ELLVDLL,1,3
Sequence_530_Pos_test,AKRLKKLFKKIWNWK,1,3
Sequence_531_Pos_test,FKRLEKLF,1,3
Sequence_533_Pos_test,AKLKAYPLKAKLYP,1,3
Sequence_534_Pos_test,GICRCLCRRGVCRCICV,1,3
Sequence_535_Pos_test,FLPFLIPALTSLISS,1,3
Sequence_536_Pos_test,FKTWKNRPILSSCSGIIKG,1,3
Sequence_537_Pos_test,ILPWKWPAAPARR,1,3
Sequence_538_Pos_test,GKWKKILGHLIR,1,3
Sequence_539_Pos_test,LRKKWFW,1,3
Sequence_542_Pos_test,GIMSSLMKKLAKHIAK,1,3
Sequence_544_Pos_test,FFGHLFRGIINVGKHIHGLLSG,1,3
Sequence_546_Pos_test,EPILGIITSLLKSL,1,3
Sequence_548_Pos_test,ALPLIGRVLSGIL,1,3
Sequence_549_Pos_test,FFRRFFRRFFRR,1,3
Sequence_550_Pos_test,KKLAKALKLLAPLWLKLAKALKKA,1,3
Sequence_551_Pos_test,WLNALKKVFQGIHEAIKLIWNHVQ,1,3
Sequence_552_Pos_test,FLPIVAKLLSGLL,1,3
Sequence_553_Pos_test,LKLKSILGKLGVILSHLNK,1,3
Sequence_554_Pos_test,KRRLAAFRAFRGALKSVLKK,1,3
Sequence_556_Pos_test,WKKIPKFLHLAKKF,1,3
Sequence_557_Pos_test,RRWWCR,1,3
Sequence_558_Pos_test,ALWKNMLKGIGK,1,3
Sequence_559_Pos_test,DVNDLKNLCAKTHNLLPMCAMF,1,3
Sequence_560_Pos_test,GLLKKIKWLL,1,3
Sequence_561_Pos_test,RIKRWWWWR,1,3
Sequence_563_Pos_test,ACPIFTKIQGTYRGKAKRIGRRIC,1,3
Sequence_564_Pos_test,AFFARLLASVRAAVKAFAKKPRLIGLSTLL,1,3
Sequence_566_Pos_test,KKVVFKVKFKKK,1,3
Sequence_567_Pos_test,GILDAIKAFANALG,1,3
Sequence_568_Pos_test,WPSPGRPRPFPGRPKPIFRPR,1,3
Sequence_572_Pos_test,SMLSVLRNLGKVGLGFVACKINKQC,1,3
Sequence_573_Pos_test,VARGWGNGCGLFGKGG,1,3
Sequence_574_Pos_test,SSMKLSFRARAYGFRGPGLQL,1,3
Sequence_575_Pos_test,RWCFRVCYRGICYRRCR,1,3
Sequence_577_Pos_test,GRPRPFPGRPKPIFRPR,1,3
Sequence_578_Pos_test,VKWRWKKWRWKWKWKV,1,3
Sequence_579_Pos_test,GFMKYIGPLIPHAVKAIKKLI,1,3
Sequence_580_Pos_test,AWCFRVCYRGACYRRCR,1,3
Sequence_581_Pos_test,KYKKALKKLAKLL,1,3
Sequence_582_Pos_test,FFGWLIKGAIHAPKAIHPLIHRRRH,1,3
Sequence_583_Pos_test,FPVTWPTKWWKS,1,3
Sequence_584_Pos_test,FKARRWQWRM,1,3
Sequence_585_Pos_test,KKVIIEYVKIEA,1,3
Sequence_586_Pos_test,FLPLIGRVLSAIL,1,3
Sequence_587_Pos_test,FFFHIVKGLFHAGRMIHGLV,1,3
Sequence_588_Pos_test,VLLVTLTRLHQRGVIYRKWRHFSGRKYR,1,3
Sequence_589_Pos_test,GIWDTIKSMGKVFAGKIKQNL,1,3
Sequence_590_Pos_test,FPFFNQYVKL,1,3
Sequence_592_Pos_test,FLSHIAGFLSNLFGK,1,3
Sequence_593_Pos_test,ELRCMCIKTTSGIHP,1,3
Sequence_594_Pos_test,ILGPVLGLVSNALGGLLKNI,1,3
Sequence_595_Pos_test,RRRRSQSPRRRRS,1,3
Sequence_597_Pos_test,FLKGCWTKWYSLKPKCPF,1,3
Sequence_598_Pos_test,SCLPKEEQIGKSTRGRKCRRKK,1,3
Sequence_599_Pos_test,FGSLFSLGSKLLPSVFKLFSRKKQ,1,3
Sequence_601_Pos_test,VIVKAIATLASKLL,1,3
Sequence_602_Pos_test,FFYNVIKIYGNMAGRISK,1,3
Sequence_604_Pos_test,LVKKLLKLAMGFG,1,3
Sequence_605_Pos_test,WLWKAIWKLLK,1,3
Sequence_606_Pos_test,GKKLLKKLKKLLKKG,1,3
Sequence_607_Pos_test,VDDDDK,1,3
Sequence_608_Pos_test,KCRRWQWRMKKLGAPSITCV,1,3
Sequence_610_Pos_test,FLPLLAGLAANFLPTIICKIARKC,1,3
Sequence_611_Pos_test,RIWVIWRR,1,3
Sequence_612_Pos_test,KLVKRFKKFFRKLKKS,1,3
Sequence_613_Pos_test,FLGGILNTITGL,1,3
Sequence_614_Pos_test,ALWKDLLKNVGKAAGKAVLNKVTDMVNQ,1,3
Sequence_615_Pos_test,FKIKPGKVLDKFGKIVGKVLKQLKKVS,1,3
Sequence_616_Pos_test,LKWGAILKHIIK,1,3
Sequence_617_Pos_test,KWWKIWRWR,1,3
Sequence_618_Pos_test,AKKVFKRLGIGAVLKVLKKG,1,3
Sequence_619_Pos_test,AAKIILNPKFRCFAAFC,1,3
Sequence_620_Pos_test,KWKSFIKKLTKAAKKVVTTAKKPLIV,1,3
Sequence_622_Pos_test,RRWWCE,1,3
Sequence_623_Pos_test,WKLLSKAQEK,1,3
Sequence_626_Pos_test,GIMSSLMKKLKKHIAK,1,3
Sequence_628_Pos_test,ALWKEVLKNAGKAALNEINNLV,1,3
Sequence_630_Pos_test,ILPILSLIGGLL,1,3
Sequence_631_Pos_test,VKRFKKFFRKLKKS,1,3
Sequence_632_Pos_test,RRIRPRPPRLPRPRPRPLPFPRPG,1,3
Sequence_633_Pos_test,KLWKKWKKWLK,1,3
Sequence_634_Pos_test,ALLKLAPRLLAGIF,1,3
Sequence_635_Pos_test,KPVPIIYCNRRTGKCQRM,1,3
Sequence_636_Pos_test,RLYRRLYRK,1,3
Sequence_637_Pos_test,AFTHRRSYSTEYRYGTTVRGIRHRFL,1,3
Sequence_638_Pos_test,DIFGAIWPLALGALKNLIK,1,3
Sequence_640_Pos_test,CFQWLRNMRKVR,1,3
Sequence_642_Pos_test,LKGCWTKSIPPKPCFGG,1,3
Sequence_643_Pos_test,YPVKLKVYPLKVKL,1,3
Sequence_644_Pos_test,ILPAKAPAAPARR,1,3
Sequence_646_Pos_test,MAARAARLAARLARLALRAL,1,3
Sequence_649_Pos_test,GLFKVLGSVAKHLLPHVVPVIAEKL,1,3
Sequence_650_Pos_test,FLALIGRVLSGIL,1,3
Sequence_651_Pos_test,ATAWNLGPHGLRPIRPIRIRPLCGKDKS,1,3
Sequence_652_Pos_test,GVVDILKGAAKDIAGHLASKVMNK,1,3
Sequence_653_Pos_test,WFKMRWWGR,1,3
Sequence_654_Pos_test,FFPSIAGLAAKFLPKIFCSITKRC,1,3
Sequence_658_Pos_test,RRKKWFW,1,3
Sequence_659_Pos_test,GLLSGILGAGKRIVCGLSGLC,1,3
Sequence_660_Pos_test,FPLTWPTKWWKG,1,3
Sequence_664_Pos_test,CGESCVYIPCLTSAVGCSCKSKVCYRNGIP,1,3
Sequence_665_Pos_test,ILGKLLSTAAGLLKNL,1,3
Sequence_671_Pos_test,GLVGTLLGHIGKAILS,1,3
Sequence_673_Pos_test,KWKKKKKKPKFL,1,3
Sequence_675_Pos_test,FRRFFKWPRRPFKFF,1,3
Sequence_678_Pos_test,CGETCVGGTCNTPGCGCSWPVCTRNGLPV,1,3
Sequence_680_Pos_test,LNLKGLFKKVASLLT,1,3
Sequence_682_Pos_test,GFWGKLLEGVKKAI,1,3
Sequence_683_Pos_test,KQLKKVSAVAKVAMKKGAALLKKMGVK,1,3
Sequence_684_Pos_test,YPLKVKYPKLKV,1,3
Sequence_685_Pos_test,HFLGTLKNLAKKIL,1,3
Sequence_689_Pos_test,GVLSVIKNALPGIMRF,1,3
Sequence_690_Pos_test,RKWVWWRNR,1,3
Sequence_696_Pos_test,IKQVKKLFKK,1,3
Sequence_698_Pos_test,GLKALKKVFQGIHKAIKLINNHVQ,1,3
Sequence_699_Pos_test,LLKALKKLLKKLL,1,3
Sequence_700_Pos_test,GFKKLLKGAAKALVKTVLF,1,3
Sequence_701_Pos_test,ALWKTMLKKLGTM,1,3
Sequence_702_Pos_test,INWKGIAAMKKL,1,3
Sequence_705_Pos_test,YPCKLNLKLGKVPFH,1,3
Sequence_706_Pos_test,ILPWKWPWWPARR,1,3
